-- phpMyAdmin SQL Dump
-- version 5.1.1
-- https://www.phpmyadmin.net/
--
-- Host: 127.0.0.1
-- Generation Time: Oct 10, 2021 at 10:09 PM
-- Server version: 10.4.21-MariaDB
-- PHP Version: 7.4.23

SET SQL_MODE = "NO_AUTO_VALUE_ON_ZERO";
START TRANSACTION;
SET time_zone = "+00:00";


/*!40101 SET @OLD_CHARACTER_SET_CLIENT=@@CHARACTER_SET_CLIENT */;
/*!40101 SET @OLD_CHARACTER_SET_RESULTS=@@CHARACTER_SET_RESULTS */;
/*!40101 SET @OLD_COLLATION_CONNECTION=@@COLLATION_CONNECTION */;
/*!40101 SET NAMES utf8mb4 */;

--
-- Database: `thermoyar`
--

-- --------------------------------------------------------

--
-- Table structure for table `auth_group`
--

CREATE TABLE `auth_group` (
  `id` int(11) NOT NULL,
  `name` varchar(150) NOT NULL
) ENGINE=InnoDB DEFAULT CHARSET=utf8mb4;

-- --------------------------------------------------------

--
-- Table structure for table `auth_group_permissions`
--

CREATE TABLE `auth_group_permissions` (
  `id` int(11) NOT NULL,
  `group_id` int(11) NOT NULL,
  `permission_id` int(11) NOT NULL
) ENGINE=InnoDB DEFAULT CHARSET=utf8mb4;

-- --------------------------------------------------------

--
-- Table structure for table `auth_permission`
--

CREATE TABLE `auth_permission` (
  `id` int(11) NOT NULL,
  `name` varchar(255) NOT NULL,
  `content_type_id` int(11) NOT NULL,
  `codename` varchar(100) NOT NULL
) ENGINE=InnoDB DEFAULT CHARSET=utf8mb4;

--
-- Dumping data for table `auth_permission`
--

INSERT INTO `auth_permission` (`id`, `name`, `content_type_id`, `codename`) VALUES
(1, 'Can add log entry', 1, 'add_logentry'),
(2, 'Can change log entry', 1, 'change_logentry'),
(3, 'Can delete log entry', 1, 'delete_logentry'),
(4, 'Can view log entry', 1, 'view_logentry'),
(5, 'Can add permission', 2, 'add_permission'),
(6, 'Can change permission', 2, 'change_permission'),
(7, 'Can delete permission', 2, 'delete_permission'),
(8, 'Can view permission', 2, 'view_permission'),
(9, 'Can add group', 3, 'add_group'),
(10, 'Can change group', 3, 'change_group'),
(11, 'Can delete group', 3, 'delete_group'),
(12, 'Can view group', 3, 'view_group'),
(13, 'Can add user', 4, 'add_user'),
(14, 'Can change user', 4, 'change_user'),
(15, 'Can delete user', 4, 'delete_user'),
(16, 'Can view user', 4, 'view_user'),
(17, 'Can add content type', 5, 'add_contenttype'),
(18, 'Can change content type', 5, 'change_contenttype'),
(19, 'Can delete content type', 5, 'delete_contenttype'),
(20, 'Can view content type', 5, 'view_contenttype'),
(21, 'Can add session', 6, 'add_session'),
(22, 'Can change session', 6, 'change_session'),
(23, 'Can delete session', 6, 'delete_session'),
(24, 'Can view session', 6, 'view_session'),
(25, 'Can add material', 7, 'add_material'),
(26, 'Can change material', 7, 'change_material'),
(27, 'Can delete material', 7, 'delete_material'),
(28, 'Can view material', 7, 'view_material'),
(29, 'Can add state', 8, 'add_state'),
(30, 'Can change state', 8, 'change_state'),
(31, 'Can delete state', 8, 'delete_state'),
(32, 'Can view state', 8, 'view_state'),
(33, 'Can add superheat', 9, 'add_superheat'),
(34, 'Can change superheat', 9, 'change_superheat'),
(35, 'Can delete superheat', 9, 'delete_superheat'),
(36, 'Can view superheat', 9, 'view_superheat'),
(37, 'Can add sub_cold', 10, 'add_sub_cold'),
(38, 'Can change sub_cold', 10, 'change_sub_cold'),
(39, 'Can delete sub_cold', 10, 'delete_sub_cold'),
(40, 'Can view sub_cold', 10, 'view_sub_cold'),
(41, 'Can add saturate', 11, 'add_saturate'),
(42, 'Can change saturate', 11, 'change_saturate'),
(43, 'Can delete saturate', 11, 'delete_saturate'),
(44, 'Can view saturate', 11, 'view_saturate');

-- --------------------------------------------------------

--
-- Table structure for table `auth_user`
--

CREATE TABLE `auth_user` (
  `id` int(11) NOT NULL,
  `password` varchar(128) NOT NULL,
  `last_login` datetime(6) DEFAULT NULL,
  `is_superuser` tinyint(1) NOT NULL,
  `username` varchar(150) NOT NULL,
  `first_name` varchar(150) NOT NULL,
  `last_name` varchar(150) NOT NULL,
  `email` varchar(254) NOT NULL,
  `is_staff` tinyint(1) NOT NULL,
  `is_active` tinyint(1) NOT NULL,
  `date_joined` datetime(6) NOT NULL
) ENGINE=InnoDB DEFAULT CHARSET=utf8mb4;

-- --------------------------------------------------------

--
-- Table structure for table `auth_user_groups`
--

CREATE TABLE `auth_user_groups` (
  `id` int(11) NOT NULL,
  `user_id` int(11) NOT NULL,
  `group_id` int(11) NOT NULL
) ENGINE=InnoDB DEFAULT CHARSET=utf8mb4;

-- --------------------------------------------------------

--
-- Table structure for table `auth_user_user_permissions`
--

CREATE TABLE `auth_user_user_permissions` (
  `id` int(11) NOT NULL,
  `user_id` int(11) NOT NULL,
  `permission_id` int(11) NOT NULL
) ENGINE=InnoDB DEFAULT CHARSET=utf8mb4;

-- --------------------------------------------------------

--
-- Table structure for table `django_admin_log`
--

CREATE TABLE `django_admin_log` (
  `id` int(11) NOT NULL,
  `action_time` datetime(6) NOT NULL,
  `object_id` longtext DEFAULT NULL,
  `object_repr` varchar(200) NOT NULL,
  `action_flag` smallint(5) UNSIGNED NOT NULL CHECK (`action_flag` >= 0),
  `change_message` longtext NOT NULL,
  `content_type_id` int(11) DEFAULT NULL,
  `user_id` int(11) NOT NULL
) ENGINE=InnoDB DEFAULT CHARSET=utf8mb4;

-- --------------------------------------------------------

--
-- Table structure for table `django_content_type`
--

CREATE TABLE `django_content_type` (
  `id` int(11) NOT NULL,
  `app_label` varchar(100) NOT NULL,
  `model` varchar(100) NOT NULL
) ENGINE=InnoDB DEFAULT CHARSET=utf8mb4;

--
-- Dumping data for table `django_content_type`
--

INSERT INTO `django_content_type` (`id`, `app_label`, `model`) VALUES
(1, 'admin', 'logentry'),
(3, 'auth', 'group'),
(2, 'auth', 'permission'),
(4, 'auth', 'user'),
(5, 'contenttypes', 'contenttype'),
(6, 'sessions', 'session'),
(7, 'tabels', 'material'),
(11, 'tabels', 'saturate'),
(8, 'tabels', 'state'),
(10, 'tabels', 'sub_cold'),
(9, 'tabels', 'superheat');

-- --------------------------------------------------------

--
-- Table structure for table `django_migrations`
--

CREATE TABLE `django_migrations` (
  `id` int(11) NOT NULL,
  `app` varchar(255) NOT NULL,
  `name` varchar(255) NOT NULL,
  `applied` datetime(6) NOT NULL
) ENGINE=InnoDB DEFAULT CHARSET=utf8mb4;

--
-- Dumping data for table `django_migrations`
--

INSERT INTO `django_migrations` (`id`, `app`, `name`, `applied`) VALUES
(1, 'contenttypes', '0001_initial', '2021-03-25 06:36:10.648748'),
(2, 'auth', '0001_initial', '2021-03-25 06:36:12.054630'),
(3, 'admin', '0001_initial', '2021-03-25 06:36:19.421007'),
(4, 'admin', '0002_logentry_remove_auto_add', '2021-03-25 06:36:21.665523'),
(5, 'admin', '0003_logentry_add_action_flag_choices', '2021-03-25 06:36:21.690263'),
(6, 'contenttypes', '0002_remove_content_type_name', '2021-03-25 06:36:22.760602'),
(7, 'auth', '0002_alter_permission_name_max_length', '2021-03-25 06:36:26.551815'),
(8, 'auth', '0003_alter_user_email_max_length', '2021-03-25 06:36:26.727655'),
(9, 'auth', '0004_alter_user_username_opts', '2021-03-25 06:36:26.800521'),
(10, 'auth', '0005_alter_user_last_login_null', '2021-03-25 06:36:27.927507'),
(11, 'auth', '0006_require_contenttypes_0002', '2021-03-25 06:36:27.962861'),
(12, 'auth', '0007_alter_validators_add_error_messages', '2021-03-25 06:36:27.989579'),
(13, 'auth', '0008_alter_user_username_max_length', '2021-03-25 06:36:28.061393'),
(14, 'auth', '0009_alter_user_last_name_max_length', '2021-03-25 06:36:28.148974'),
(15, 'auth', '0010_alter_group_name_max_length', '2021-03-25 06:36:28.239289'),
(16, 'auth', '0011_update_proxy_permissions', '2021-03-25 06:36:28.310978'),
(17, 'auth', '0012_alter_user_first_name_max_length', '2021-03-25 06:36:28.493229'),
(18, 'sessions', '0001_initial', '2021-03-25 06:36:28.667663'),
(19, 'tabels', '0001_initial', '2021-03-25 06:36:29.292045'),
(20, 'tabels', '0002_sub_cold', '2021-03-25 06:36:33.881335'),
(21, 'tabels', '0003_saturated', '2021-03-25 06:36:35.803740'),
(22, 'tabels', '0004_auto_20210112_0920', '2021-03-25 06:36:39.104805');

-- --------------------------------------------------------

--
-- Table structure for table `django_session`
--

CREATE TABLE `django_session` (
  `session_key` varchar(40) NOT NULL,
  `session_data` longtext NOT NULL,
  `expire_date` datetime(6) NOT NULL
) ENGINE=InnoDB DEFAULT CHARSET=utf8mb4;

-- --------------------------------------------------------

--
-- Table structure for table `tabels_material`
--

CREATE TABLE `tabels_material` (
  `id` int(11) NOT NULL,
  `material_name` varchar(10) NOT NULL
) ENGINE=InnoDB DEFAULT CHARSET=utf8mb4;

--
-- Dumping data for table `tabels_material`
--

INSERT INTO `tabels_material` (`id`, `material_name`) VALUES
(1, 'water'),
(2, 'ammonia');

-- --------------------------------------------------------

--
-- Table structure for table `tabels_saturate`
--

CREATE TABLE `tabels_saturate` (
  `id` int(11) NOT NULL,
  `temp` double NOT NULL,
  `pres` double NOT NULL,
  `vol_f` double NOT NULL,
  `vol_fg` double NOT NULL,
  `vol_g` double NOT NULL,
  `eng_f` double NOT NULL,
  `eng_fg` double NOT NULL,
  `eng_g` double NOT NULL,
  `antal_fe` double NOT NULL,
  `antal_fg` double NOT NULL,
  `antal_g` double NOT NULL,
  `ant_f` double NOT NULL,
  `ant_fg` double NOT NULL,
  `ant_g` double NOT NULL,
  `material_n_id` int(11) NOT NULL,
  `state_n_id` int(11) NOT NULL
) ENGINE=InnoDB DEFAULT CHARSET=utf8mb4;

--
-- Dumping data for table `tabels_saturate`
--

INSERT INTO `tabels_saturate` (`id`, `temp`, `pres`, `vol_f`, `vol_fg`, `vol_g`, `eng_f`, `eng_fg`, `eng_g`, `antal_fe`, `antal_fg`, `antal_g`, `ant_f`, `ant_fg`, `ant_g`, `material_n_id`, `state_n_id`) VALUES
(1, 0.01, 0.6113, 0.001, 206.131, 206.132, 0, 2375.33, 2375.33, 0, 2501.35, 2501.35, 0, 9.1562, 9.1562, 1, 1),
(2, 5, 0.8721, 0.001, 147.117, 147.118, 20.97, 2361.27, 2382.24, 20.98, 2489.57, 2510.54, 0.0761, 8.9496, 9.0257, 1, 1),
(3, 10, 1.2276, 0.001, 106.376, 106.377, 41.99, 2347.16, 2389.15, 41.99, 2477.75, 2519.74, 0.151, 8.7498, 8.9007, 1, 1),
(4, 15, 1.705, 0.001001, 77.924, 77.925, 62.98, 2333.06, 2396.04, 62.98, 2465.93, 2528.91, 0.2245, 8.5569, 8.7813, 1, 1),
(5, 20, 2.339, 0.001002, 57.7887, 57.7897, 83.94, 2318.98, 2402.91, 83.94, 2454.12, 2538.06, 0.2966, 8.3706, 8.6671, 1, 1),
(6, 25, 3.169, 0.001003, 43.3583, 43.3593, 104.86, 2304.9, 2409.76, 104.87, 2442.3, 2547.17, 0.3673, 8.1905, 8.5579, 1, 1),
(7, 30, 4.246, 0.001004, 32.8922, 32.8932, 125.77, 2290.81, 2416.58, 125.77, 2430.48, 2556.25, 0.4369, 8.0164, 8.4533, 1, 1),
(8, 35, 5.628, 0.001006, 25.2148, 25.2158, 146.65, 2276.71, 2423.36, 146.66, 2418.62, 2565.28, 0.5052, 7.8478, 8.353, 1, 1),
(9, 40, 7.384, 0.001008, 19.5219, 19.5229, 167.53, 2262.57, 2430.11, 167.54, 2406.72, 2574.26, 0.5724, 7.6845, 8.2569, 1, 1),
(10, 45, 9.593, 0.00101, 15.2571, 15.2581, 188.41, 2248.4, 2436.81, 188.42, 2394.77, 2583.19, 0.6386, 7.5261, 8.1647, 1, 1),
(11, 50, 12.35, 0.001012, 12.0308, 12.0318, 209.3, 2234.17, 2443.47, 209.31, 2382.75, 2592.06, 0.7037, 7.3725, 8.0762, 1, 1),
(12, 55, 15.758, 0.001015, 9.56734, 9.56835, 230.19, 2219.89, 2450.08, 230.2, 2370.66, 2600.86, 0.7679, 7.2234, 7.9912, 1, 1),
(13, 60, 19.941, 0.001017, 7.66969, 7.67071, 251.09, 2205.54, 2456.63, 251.11, 2358.48, 2609.59, 0.8311, 7.0784, 7.9095, 1, 1),
(14, 65, 25.03, 0.00102, 6.19554, 6.19656, 272, 2191.12, 2463.12, 272.03, 2346.21, 2618.24, 0.8934, 6.9375, 7.8309, 1, 1),
(15, 70, 31.19, 0.001023, 5.04114, 5.04217, 292.93, 2176.62, 2469.55, 292.96, 2333.85, 2626.8, 0.9548, 6.8004, 7.7552, 1, 1),
(16, 75, 38.58, 0.001026, 4.13021, 4.13123, 313.87, 2162.03, 2475.91, 313.91, 2321.37, 2635.28, 1.0154, 6.667, 7.6824, 1, 1),
(17, 80, 47.39, 0.001029, 3.40612, 3.40715, 334.84, 2147.36, 2482.19, 334.88, 2308.77, 2643.66, 1.0752, 6.5369, 7.6121, 1, 1),
(18, 85, 57.83, 0.001032, 2.82654, 2.82757, 355.82, 2132.58, 2488.4, 355.88, 2296.05, 2651.93, 1.1342, 6.4102, 7.5444, 1, 1),
(19, 90, 70.14, 0.001036, 2.35953, 2.36056, 376.82, 2117.7, 2494.52, 376.9, 2283.19, 2660.09, 1.1924, 6.2866, 7.479, 1, 1),
(20, 95, 84.55, 0.00104, 1.98082, 1.98186, 397.86, 2102.7, 2500.56, 397.94, 2270.19, 2668.13, 1.25, 6.1659, 7.4158, 1, 1),
(21, 100, 101.3, 0.001044, 1.67185, 1.6729, 418.91, 2087.58, 2506.5, 419.02, 2257.03, 2676.05, 1.3068, 6.048, 7.3548, 1, 1),
(22, 105, 120.8, 0.001047, 1.41831, 1.41936, 440, 2072.34, 2512.34, 440.13, 2243.7, 2683.83, 1.3629, 5.9328, 7.2958, 1, 1),
(23, 110, 143.3, 0.001052, 1.20909, 1.21014, 461.12, 2056.96, 2518.09, 461.27, 2230.2, 2691.47, 1.4184, 5.8202, 7.2386, 1, 1),
(24, 115, 169.1, 0.001056, 1.03552, 1.03658, 482.28, 2041.44, 2523.72, 482.46, 2216.5, 2698.96, 1.4733, 5.71, 7.1832, 1, 1),
(25, 120, 198.5, 0.00106, 0.8908, 0.89186, 503.48, 2025.76, 2529.24, 503.69, 2202.61, 2706.3, 1.5275, 5.602, 7.1295, 1, 1),
(26, 125, 232.1, 0.001065, 0.76953, 0.77059, 524.72, 2009.91, 2534.63, 524.96, 2188.5, 2713.46, 1.5812, 5.4962, 7.0774, 1, 1),
(27, 130, 270.1, 0.00107, 0.66744, 0.6685, 546, 1993.9, 2539.9, 546.29, 2174.16, 2720.46, 1.6343, 5.3925, 7.0269, 1, 1),
(28, 135, 313, 0.001075, 0.5811, 0.58217, 567.34, 1977.69, 2545.03, 567.67, 2159.59, 2727.26, 1.6869, 5.2907, 6.9777, 1, 1),
(29, 140, 361.3, 0.00108, 0.50777, 0.50885, 588.72, 1961.3, 2550.02, 589.11, 2144.75, 2733.87, 1.739, 5.1908, 6.9298, 1, 1),
(30, 145, 415.4, 0.001085, 0.44524, 0.44632, 610.16, 1944.69, 2554.86, 610.61, 2129.65, 2740.26, 1.7906, 5.0926, 6.8832, 1, 1),
(31, 150, 475.9, 0.00109, 0.39169, 0.39278, 631.66, 1927.87, 2559.54, 632.18, 2114.26, 2746.44, 1.8417, 4.996, 6.8378, 1, 1),
(32, 155, 543.1, 0.001096, 0.34566, 0.34676, 653.23, 1910.82, 2564.04, 653.82, 2098.56, 2752.39, 1.8924, 4.901, 6.7934, 1, 1),
(33, 160, 617.8, 0.001102, 0.30596, 0.30706, 674.85, 1893.52, 2568.37, 675.53, 2082.55, 2758.09, 1.9426, 4.8075, 6.7501, 1, 1),
(34, 165, 700.5, 0.001108, 0.27158, 0.27269, 696.55, 1875.97, 2572.51, 697.32, 2066.2, 2763.53, 1.9924, 4.7153, 6.7078, 1, 1),
(35, 170, 791.7, 0.001114, 0.24171, 0.24283, 718.31, 1858.14, 2576.46, 719.2, 2049.5, 2768.7, 2.0418, 4.6244, 6.6663, 1, 1),
(36, 175, 892, 0.001121, 0.21568, 0.2168, 740.16, 1840.03, 2580.19, 741.16, 2032.42, 2773.58, 2.0909, 4.5347, 6.6256, 1, 1),
(37, 180, 1002.2, 0.001127, 0.19292, 0.19405, 762.08, 1821.62, 2583.7, 763.21, 2014.96, 2778.16, 2.1395, 4.4461, 6.5857, 1, 1),
(38, 185, 1122.7, 0.001134, 0.17295, 0.17409, 784.08, 1802.9, 2586.98, 785.36, 1997.07, 2782.43, 2.1878, 4.3586, 6.5464, 1, 1),
(39, 190, 1254.4, 0.001141, 0.15539, 0.15654, 806.17, 1783.84, 2590.01, 807.61, 1978.76, 2786.37, 2.2358, 4.272, 6.5078, 1, 1),
(40, 195, 1397.8, 0.001149, 0.1399, 0.14105, 828.36, 1764.43, 2592.79, 829.96, 1959.99, 2789.96, 2.2835, 4.1863, 6.4697, 1, 1),
(41, 200, 1553.8, 0.001156, 0.1262, 0.12736, 850.64, 1744.66, 2595.29, 852.43, 1940.75, 2793.18, 2.3308, 4.1014, 6.4322, 1, 1),
(42, 205, 1723, 0.001164, 0.11405, 0.11521, 873.02, 1724.49, 2597.52, 875.03, 1921, 2796.03, 2.3779, 4.0172, 6.3951, 1, 1),
(43, 210, 1906.3, 0.001173, 0.10324, 0.10441, 895.51, 1703.93, 2599.44, 897.75, 1900.73, 2798.48, 2.4247, 3.9337, 6.3584, 1, 1),
(44, 215, 2104.2, 0.001181, 0.09361, 0.09479, 918.12, 1682.94, 2601.06, 920.61, 1879.91, 2800.51, 2.4713, 3.8507, 6.3221, 1, 1),
(45, 220, 2317.8, 0.00119, 0.085, 0.08619, 940.85, 1661.49, 2602.35, 943.61, 1858.51, 2802.12, 2.5177, 3.7683, 6.286, 1, 1),
(46, 225, 2547.7, 0.001199, 0.07729, 0.07849, 963.72, 1639.58, 2603.3, 966.77, 1836.5, 2803.27, 2.5639, 3.6863, 6.2502, 1, 1),
(47, 230, 2794.9, 0.001209, 0.07037, 0.07158, 986.72, 1617.17, 2603.89, 990.1, 1813.85, 2803.95, 2.6099, 3.6047, 6.2146, 1, 1),
(48, 235, 3060.1, 0.001219, 0.06415, 0.06536, 1009.88, 1594.24, 2604.11, 1013.61, 1790.53, 2804.13, 2.6557, 3.5233, 6.1791, 1, 1),
(49, 240, 3344.2, 0.001229, 0.05853, 0.05976, 1033.19, 1570.75, 2603.95, 1037.31, 1766.5, 2803.81, 2.7015, 3.4422, 6.1436, 1, 1),
(50, 245, 3648.2, 0.00124, 0.05346, 0.0547, 1056.69, 1546.68, 2603.37, 1061.21, 1741.73, 2802.95, 2.7471, 3.3612, 6.1083, 1, 1),
(51, 250, 3973, 0.001251, 0.04887, 0.05013, 1080.37, 1522, 2602.37, 1085.34, 1716.18, 2801.52, 2.7927, 3.2802, 6.0729, 1, 1),
(52, 255, 4319.5, 0.001263, 0.04471, 0.04598, 1104.26, 1496.66, 2600.93, 1109.72, 1689.8, 2799.51, 2.8382, 3.1992, 6.0374, 1, 1),
(53, 260, 4688.6, 0.001276, 0.04093, 0.0422, 1128.37, 1470.64, 2599.01, 1134.35, 1662.54, 2796.89, 2.8837, 3.1181, 6.0018, 1, 1),
(54, 265, 5081.3, 0.001289, 0.03748, 0.03877, 1152.72, 1443.87, 2596.6, 1159.27, 1634.34, 2793.61, 2.9293, 3.0368, 5.9661, 1, 1),
(55, 270, 5498.7, 0.001302, 0.03434, 0.03564, 1177.33, 1416.33, 2593.66, 1184.49, 1605.16, 2789.65, 2.975, 2.9551, 5.9301, 1, 1),
(56, 275, 5941.8, 0.001317, 0.03147, 0.03279, 1202.23, 1387.94, 2590.17, 1210.05, 1574.92, 2784.97, 3.0208, 2.873, 5.8937, 1, 1),
(57, 280, 6411.7, 0.001332, 0.02884, 0.03017, 1227.43, 1358.66, 2586.09, 1235.97, 1543.55, 2779.53, 3.0667, 2.7903, 5.857, 1, 1),
(58, 285, 6909.4, 0.001348, 0.02642, 0.02777, 1252.98, 1328.41, 2581.38, 1262.29, 1510.97, 2773.27, 3.1129, 2.7069, 5.8198, 1, 1),
(59, 290, 7436, 0.001366, 0.0242, 0.02557, 1278.89, 1297.11, 2575.99, 1289.04, 1477.08, 2766.13, 3.1593, 2.6227, 5.7821, 1, 1),
(60, 295, 7992.8, 0.001384, 0.02216, 0.02354, 1305.21, 1264.67, 2569.87, 1316.27, 1441.78, 2758.05, 3.2061, 2.5375, 5.7436, 1, 1),
(61, 300, 8581, 0.001404, 0.02027, 0.02167, 1331.97, 1230.99, 2562.96, 1344.01, 1404.93, 2748.94, 3.2533, 2.4511, 5.7044, 1, 1),
(62, 305, 9201.8, 0.001425, 0.01852, 0.01995, 1359.22, 1195.94, 2555.16, 1372.33, 1366.38, 2738.72, 3.3009, 2.3633, 5.6642, 1, 1),
(63, 310, 9856.6, 0.001447, 0.0169, 0.01835, 1387.03, 1159.37, 2546.4, 1401.29, 1325.97, 2727.27, 3.3492, 2.2737, 5.6229, 1, 1),
(64, 315, 10547, 0.001472, 0.01539, 0.01687, 1415.44, 1121.11, 2536.55, 1430.97, 1283.48, 2714.44, 3.3981, 2.1821, 5.5803, 1, 1),
(65, 320, 11274, 0.001499, 0.01399, 0.01549, 1444.55, 1080.93, 2525.48, 1461.45, 1238.64, 2700.08, 3.4479, 2.0882, 5.5361, 1, 1),
(66, 325, 12040, 0.001528, 0.01267, 0.0142, 1474.44, 1038.57, 2513.01, 1492.84, 1191.13, 2683.97, 3.4987, 1.9913, 5.49, 1, 1),
(67, 330, 12845, 0.001561, 0.01144, 0.013, 1505.24, 993.66, 2498.91, 1525.29, 1140.56, 2665.85, 3.5506, 1.8909, 5.4416, 1, 1),
(68, 335, 13694, 0.001597, 0.01027, 0.01186, 1537.11, 945.77, 2482.88, 1558.98, 1086.37, 2645.35, 3.604, 1.7863, 5.3903, 1, 1),
(69, 340, 14586, 0.001638, 0.00916, 0.0108, 1570.26, 894.26, 2464.53, 1594.15, 1027.86, 2622.01, 3.6593, 1.6763, 5.3356, 1, 1),
(70, 345, 15525, 0.001685, 0.0081, 0.00978, 1605.01, 838.29, 2443.3, 1631.17, 964.02, 2595.19, 3.7169, 1.5594, 5.2763, 1, 1),
(71, 350, 16514, 0.00174, 0.00707, 0.00881, 1641.81, 776.58, 2418.39, 1670.54, 893.38, 2563.92, 3.7776, 1.4336, 5.2111, 1, 1),
(72, 355, 17554, 0.001807, 0.00607, 0.00787, 1681.41, 707.11, 2388.52, 1713.13, 813.59, 2526.72, 3.8427, 1.2951, 5.1378, 1, 1),
(73, 360, 18651, 0.001892, 0.00505, 0.00694, 1725.19, 626.29, 2351.47, 1760.48, 720.52, 2481, 3.9146, 1.1379, 5.0525, 1, 1),
(74, 365, 19807, 0.002011, 0.00398, 0.00599, 1776.13, 526.54, 2302.67, 1815.96, 605.44, 2421.4, 3.9983, 0.9487, 4.947, 1, 1),
(75, 370, 21028, 0.002213, 0.00271, 0.00493, 1843.84, 384.69, 2228.53, 1890.37, 441.75, 2332.12, 4.1104, 0.6868, 4.7972, 1, 1),
(76, 374.1, 22089, 0.003155, 0, 0.00315, 2029.58, 0, 2029.58, 2099.26, 0, 2099.26, 4.4297, 0, 4.4297, 1, 1),
(77, -50, 40.9, 0.001424, 2.62557, 2.627, -0.524390243, 1309.1, 1265.2, -0.565789473, 1416.3, 1372.6, 0, 6.347, 6.1554, 2, 1),
(78, -45, 54.5, 0.001437, 2.00489, 2.00632, -22, 1293.5, 1271.4, -0.223404255, 1402.8, 1380.8, 0, 6.1484, 6.0534, 2, 1),
(79, -40, 71.7, 0.00145, 1.55111, 1.55256, 0, 1277.6, 1277.4, 0, 1388.8, 1388.8, 0, 5.9567, 5.9567, 2, 1),
(80, -35, 93.2, 0.001463, 1.21466, 1.21613, 21.93, 1261.3, 1283.3, 22.06, 1374.5, 1396.5, 0.0935, 5.7715, 5.865, 2, 1),
(81, -30, 119.5, 0.001476, 0.96192, 0.96339, 44.08, 1244.8, 1288.9, 44.26, 1359.8, 1404, 0.1856, 5.5922, 5.7778, 2, 1),
(82, -25, 151.6, 0.00149, 0.7697, 0.77119, 66.36, 1227.9, 1294.3, 66.58, 1344.6, 1411.2, 0.2763, 5.4185, 5.6947, 2, 1),
(83, -20, 190.2, 0.001504, 0.62184, 0.62334, 88.76, 1210.7, 1299.5, 89.05, 1329, 1418, 0.3657, 5.2498, 5.6155, 2, 1),
(84, -15, 236.3, 0.001519, 0.50686, 0.50838, 111.3, 1193.2, 1304.5, 111.66, 1312.9, 1424.6, 0.4538, 5.0859, 5.5397, 2, 1),
(85, -10, 290.9, 0.001534, 0.41655, 0.41808, 133.96, 1175.2, 1309.2, 134.41, 1296.4, 1430.8, 0.5408, 4.9265, 5.4673, 2, 1),
(86, -5, 354.9, 0.00155, 0.34493, 0.34648, 156.76, 1157, 1313.7, 157.31, 1279.4, 1436.7, 0.6266, 4.7711, 5.3977, 2, 1),
(87, 0, 429.6, 0.001566, 0.28763, 0.2892, 179.69, 1138.3, 1318, 180.36, 1261.8, 1442.2, 0.7114, 4.6195, 5.3309, 2, 1),
(88, 5, 515.9, 0.001583, 0.2414, 0.24299, 202.77, 1119.2, 1322, 203.58, 1243.7, 1447.3, 0.7951, 4.4715, 5.2666, 2, 1),
(89, 10, 615.2, 0.0016, 0.20381, 0.20541, 225.99, 1099.7, 1325.7, 226.97, 1225.1, 1452, 0.8779, 4.3266, 5.2045, 2, 1),
(90, 15, 728.6, 0.001619, 0.173, 0.17462, 249.36, 1079.7, 1329.1, 250.54, 1205.8, 1456.3, 0.9598, 4.1846, 5.1444, 2, 1),
(91, 20, 857.5, 0.001638, 0.14758, 0.14922, 272.89, 1059.3, 1332.2, 274.3, 1185.9, 1460.2, 1.0408, 4.0452, 5.086, 2, 1),
(92, 25, 1003.2, 0.001658, 0.12647, 0.12813, 296.59, 1038.4, 1335, 298.25, 1165.2, 1463.5, 1.121, 3.9083, 5.0293, 2, 1),
(93, 30, 1167, 0.00168, 0.10881, 0.11049, 320.46, 1016.9, 1337.4, 322.42, 1143.9, 1466.3, 1.2005, 3.7734, 4.9738, 2, 1),
(94, 35, 1350.4, 0.001702, 0.09397, 0.09567, 344.5, 994.9, 1339.4, 346.8, 1121.8, 1468.6, 1.2792, 3.6403, 4.9196, 2, 1),
(95, 40, 1554.9, 0.001725, 0.08141, 0.08313, 368.74, 972.2, 1341, 371.43, 1098.8, 1470.2, 1.3574, 3.5088, 4.8662, 2, 1),
(96, 45, 1782, 0.00175, 0.07073, 0.07248, 393.19, 948.9, 1342.1, 396.31, 1074.9, 1471.2, 1.435, 3.3786, 4.8136, 2, 1),
(97, 50, 2033.1, 0.001777, 0.06159, 0.06337, 417.87, 924.8, 1342.7, 421.48, 1050, 1471.5, 1.5121, 3.2493, 4.7614, 2, 1),
(98, 55, 2310.1, 0.001804, 0.05375, 0.05555, 442.79, 899.9, 1342.7, 446.96, 1024.1, 1471, 1.5888, 3.1208, 4.7095, 2, 1),
(99, 60, 2614.4, 0.001834, 0.04697, 0.0488, 467.99, 874.2, 1342.1, 472.79, 997, 1469.7, 1.6652, 2.9925, 4.6577, 2, 1),
(100, 65, 2947.8, 0.001866, 0.04109, 0.04296, 493.51, 847.4, 1340.9, 499.01, 968.5, 1467.5, 1.7415, 2.8642, 4.6057, 2, 1),
(101, 70, 3312, 0.0019, 0.03597, 0.03787, 519.39, 819.5, 1338.9, 525.69, 938.7, 1464.4, 1.8178, 2.7354, 4.3533, 2, 1),
(102, 75, 3709, 0.001937, 0.03148, 0.03341, 545.7, 790.4, 1336.1, 552.88, 907.2, 1460.1, 1.8943, 2.6058, 4.5001, 2, 1),
(103, 80, 4140.5, 0.001978, 0.02753, 0.02951, 572.5, 759.9, 1332.4, 580.69, 873.9, 1454.6, 1.9712, 2.4746, 4.4458, 2, 1),
(104, 85, 4608.6, 0.002022, 0.02404, 0.02606, 599.9, 727.8, 1327.7, 609.21, 838.6, 1447.8, 2.0488, 2.3413, 4.3901, 2, 1),
(105, 90, 5115.3, 0.002071, 0.02093, 0.023, 627.99, 693.7, 1321.7, 638.59, 800.8, 1439.4, 2.1273, 2.2051, 4.3325, 2, 1),
(106, 95, 5662.9, 0.002126, 0.01815, 0.02028, 656.95, 657.4, 1314.4, 668.99, 760.2, 1429.2, 2.2073, 2.065, 4.2723, 2, 1),
(107, 100, 6253.7, 0.002188, 0.01565, 0.01784, 686.96, 618.4, 1305.3, 700.64, 716.2, 1416.9, 2.2893, 1.9195, 4.2088, 2, 1),
(108, 105, 6890.4, 0.002261, 0.01337, 0.01564, 718.3, 575.9, 1294.2, 733.87, 668.1, 1402, 2.374, 1.7667, 4.1407, 2, 1),
(109, 110, 7575.7, 0.002347, 0.01128, 0.01363, 751.37, 529.1, 1280.5, 769.15, 614.6, 1383.7, 2.4625, 1.604, 4.0665, 2, 1),
(110, 115, 8313.3, 0.002452, 0.00933, 0.01178, 786.82, 476.2, 1263.1, 807.21, 553.8, 1361, 2.5566, 1.4267, 3.9833, 2, 1),
(111, 120, 9107.2, 0.002589, 0.00744, 0.01003, 825.77, 414.5, 1240.3, 849.36, 482.3, 1331.7, 2.6593, 1.2268, 3.8861, 2, 1),
(112, 125, 9963.5, 0.002783, 0.00554, 0.00833, 870.69, 337.7, 1208.4, 898.42, 393, 1291.4, 2.7775, 0.987, 3.7645, 2, 1),
(113, 130, 10891.6, 0.003122, 0.00337, 0.00649, 929.29, 226.9, 1156.2, 963.29, 263.7, 1227, 2.9326, 0.654, 3.5866, 2, 1),
(114, 132.3, 11333.2, 0.004255, 0, 0.00426, 1037.62, 0, 1037.6, 1085.85, 0, 1085.9, 3.2316, 0, 3.2316, 2, 1);

-- --------------------------------------------------------

--
-- Table structure for table `tabels_state`
--

CREATE TABLE `tabels_state` (
  `id` int(11) NOT NULL,
  `state_name` varchar(10) NOT NULL
) ENGINE=InnoDB DEFAULT CHARSET=utf8mb4;

--
-- Dumping data for table `tabels_state`
--

INSERT INTO `tabels_state` (`id`, `state_name`) VALUES
(1, 'saturated'),
(2, 'superheat'),
(3, 'sub_cold');

-- --------------------------------------------------------

--
-- Table structure for table `tabels_sub_cold`
--

CREATE TABLE `tabels_sub_cold` (
  `id` int(11) NOT NULL,
  `temp` double NOT NULL,
  `pres` double NOT NULL,
  `vol` double NOT NULL,
  `eng` double NOT NULL,
  `antal` double NOT NULL,
  `ant` double NOT NULL,
  `material_n_id` int(11) NOT NULL,
  `state_n_id` int(11) NOT NULL
) ENGINE=InnoDB DEFAULT CHARSET=utf8mb4;

--
-- Dumping data for table `tabels_sub_cold`
--

INSERT INTO `tabels_sub_cold` (`id`, `temp`, `pres`, `vol`, `eng`, `antal`, `ant`, `material_n_id`, `state_n_id`) VALUES
(1, 0.01, 500, 0.000999, 0.01, 0.51, 0, 1, 3),
(2, 20, 500, 0.001002, 83.91, 84.41, 0.2965, 1, 3),
(3, 40, 500, 0.001008, 167.47, 167.98, 0.5722, 1, 3),
(4, 60, 500, 0.001017, 251, 251.51, 0.8308, 1, 3),
(5, 80, 500, 0.001029, 334.73, 335.24, 1.0749, 1, 3),
(6, 100, 500, 0.001043, 418.8, 419.32, 1.3065, 1, 3),
(7, 120, 500, 0.00106, 503.37, 503.9, 1.5273, 1, 3),
(8, 140, 500, 0.00108, 588.66, 589.2, 1.7389, 1, 3),
(9, 0.01, 2000, 0.000999, 0.03, 2.03, 0.0001, 1, 3),
(10, 20, 2000, 0.001001, 83.82, 85.82, 0.2962, 1, 3),
(11, 40, 2000, 0.001007, 167.29, 169.3, 0.5716, 1, 3),
(12, 60, 2000, 0.001016, 250.73, 252.77, 0.83, 1, 3),
(13, 80, 2000, 0.001028, 334.38, 336.44, 1.0739, 1, 3),
(14, 100, 2000, 0.001043, 418.36, 420.45, 1.3053, 1, 3),
(15, 120, 2000, 0.001059, 502.84, 504.96, 1.5259, 1, 3),
(16, 140, 2000, 0.001079, 588.02, 590.18, 1.7373, 1, 3),
(17, 160, 2000, 0.001101, 674.14, 676.34, 1.941, 1, 3),
(18, 180, 2000, 0.001127, 761.46, 763.71, 2.1382, 1, 3),
(19, 200, 2000, 0.001156, 850.3, 852.61, 2.3301, 1, 3),
(20, 0, 5000, 0.000998, 0.03, 5.02, 0.0001, 1, 3),
(21, 20, 5000, 0.001, 83.64, 88.64, 0.2955, 1, 3),
(22, 40, 5000, 0.001006, 166.93, 171.95, 0.5705, 1, 3),
(23, 60, 5000, 0.001015, 250.21, 255.28, 0.8284, 1, 3),
(24, 80, 5000, 0.001027, 333.69, 338.83, 1.0719, 1, 3),
(25, 100, 5000, 0.001041, 417.5, 422.71, 1.303, 1, 3),
(26, 120, 5000, 0.001058, 501.79, 507.07, 1.5232, 1, 3),
(27, 140, 5000, 0.001077, 586.74, 592.13, 1.7342, 1, 3),
(28, 160, 5000, 0.001099, 672.61, 678.1, 1.9374, 1, 3),
(29, 180, 5000, 0.001124, 759.62, 765.24, 2.1341, 1, 3),
(30, 200, 5000, 0.001153, 848.08, 853.85, 2.3254, 1, 3),
(31, 220, 5000, 0.001187, 938.43, 944.36, 2.5128, 1, 3),
(32, 240, 5000, 0.001226, 1031.34, 1037.47, 2.6978, 1, 3),
(33, 260, 5000, 0.001275, 1127.92, 1134.3, 2.8829, 1, 3),
(34, 0, 10000, 0.000995, 0.1, 10.05, 0.0003, 1, 3),
(35, 20, 10000, 0.000997, 83.35, 93.32, 0.2945, 1, 3),
(36, 40, 10000, 0.001003, 166.33, 176.36, 0.5685, 1, 3),
(37, 60, 10000, 0.001013, 249.34, 259.47, 0.8258, 1, 3),
(38, 80, 10000, 0.001025, 332.56, 342.81, 1.0687, 1, 3),
(39, 100, 10000, 0.001039, 416.09, 426.48, 1.2992, 1, 3),
(40, 120, 10000, 0.001055, 500.07, 510.61, 1.5188, 1, 3),
(41, 140, 10000, 0.001074, 584.67, 595.4, 1.7291, 1, 3),
(42, 160, 10000, 0.001195, 670.11, 681.07, 1.9316, 1, 3),
(43, 180, 10000, 0.00112, 756.63, 767.83, 2.1274, 1, 3),
(44, 200, 10000, 0.001148, 844.49, 855.97, 2.3178, 1, 3),
(45, 220, 10000, 0.001181, 934.07, 945.88, 2.5038, 1, 3),
(46, 240, 10000, 0.001219, 1025.94, 1038.13, 2.6872, 1, 3),
(47, 260, 10000, 0.001265, 1121.03, 1133.68, 2.8698, 1, 3),
(48, 280, 10000, 0.001322, 1220.9, 1234.11, 3.0547, 1, 3),
(49, 300, 10000, 0.001397, 1328.34, 1342.31, 3.2468, 1, 3),
(50, 0, 15000, 0.000993, 0.15, 15.04, 0.0004, 1, 3),
(51, 20, 15000, 0.000995, 83.05, 97.97, 0.2934, 1, 3),
(52, 40, 15000, 0.001001, 165.73, 180.75, 0.5665, 1, 3),
(53, 60, 15000, 0.001011, 248.49, 263.65, 0.8231, 1, 3),
(54, 80, 15000, 0.001022, 331.46, 346.79, 1.0655, 1, 3),
(55, 100, 15000, 0.001036, 414.72, 430.26, 1.2954, 1, 3),
(56, 120, 15000, 0.001052, 498.39, 514.17, 1.5144, 1, 3),
(57, 140, 15000, 0.001071, 582.64, 598.7, 1.7241, 1, 3),
(58, 160, 15000, 0.001092, 667.69, 684.07, 1.9259, 1, 3),
(59, 180, 15000, 0.001116, 753.74, 770.48, 2.1209, 1, 3),
(60, 200, 15000, 0.001143, 841.04, 858.18, 2.3103, 1, 3),
(61, 220, 15000, 0.001175, 929.89, 947.52, 2.4952, 1, 3),
(62, 240, 15000, 0.001211, 1020.82, 1038.99, 2.677, 1, 3),
(63, 260, 15000, 0.001255, 1114.59, 1133.41, 2.8575, 1, 3),
(64, 280, 15000, 0.001308, 1212.47, 1232.09, 3.0392, 1, 3),
(65, 300, 15000, 0.001377, 1316.58, 1337.23, 3.2259, 1, 3),
(66, 320, 15000, 0.001472, 1431.05, 1453.13, 3.4246, 1, 3),
(67, 340, 15000, 0.001631, 1567.42, 1591.88, 3.6545, 1, 3),
(68, 0, 20000, 0.00099, 0.2, 20, 0.0004, 1, 3),
(69, 20, 20000, 0.000993, 82.75, 102.61, 0.2922, 1, 3),
(70, 40, 20000, 0.000999, 165.15, 185.14, 0.5646, 1, 3),
(71, 60, 20000, 0.001008, 247.66, 267.82, 0.8205, 1, 3),
(72, 80, 20000, 0.00102, 330.38, 350.78, 1.0623, 1, 3),
(73, 100, 20000, 0.001034, 413.37, 434.04, 1.2917, 1, 3),
(74, 120, 20000, 0.00105, 496.75, 517.74, 1.5101, 1, 3),
(75, 140, 20000, 0.001068, 580.67, 602.03, 1.7192, 1, 3),
(76, 160, 20000, 0.001089, 665.34, 687.11, 1.9203, 1, 3),
(77, 180, 20000, 0.001112, 750.94, 773.18, 2.1146, 1, 3),
(78, 200, 20000, 0.001139, 837.7, 860.47, 2.3031, 1, 3),
(79, 220, 20000, 0.001169, 925.89, 949.27, 2.4869, 1, 3),
(80, 240, 20000, 0.001205, 1015.94, 1040.04, 2.6673, 1, 3),
(81, 260, 20000, 0.001246, 1108.53, 1133.45, 2.8459, 1, 3),
(82, 280, 20000, 0.001297, 1204.69, 1230.62, 3.0248, 1, 3),
(83, 300, 20000, 0.00136, 1306.1, 1333.29, 3.2071, 1, 3),
(84, 320, 20000, 0.001444, 1415.66, 1444.53, 3.3978, 1, 3),
(85, 340, 20000, 0.001568, 1539.64, 1571.01, 3.6074, 1, 3),
(86, 360, 20000, 0.001823, 1702.78, 1739.23, 3.877, 1, 3),
(87, 0, 30000, 0.000986, 0.25, 29.82, 0.0001, 1, 3),
(88, 20, 30000, 0.000989, 82.16, 111.82, 0.2898, 1, 3),
(89, 40, 30000, 0.000995, 164.01, 193.87, 0.5606, 1, 3),
(90, 60, 30000, 0.001004, 246.03, 276.16, 0.8153, 1, 3),
(91, 80, 30000, 0.001016, 328.28, 358.75, 1.0561, 1, 3),
(92, 100, 30000, 0.001029, 410.76, 441.63, 1.2844, 1, 3),
(93, 120, 30000, 0.001044, 493.58, 524.91, 1.5017, 1, 3),
(94, 140, 30000, 0.001062, 576.86, 608.73, 1.7097, 1, 3),
(95, 160, 30000, 0.001082, 660.81, 693.27, 1.9095, 1, 3),
(96, 180, 30000, 0.001105, 745.57, 778.71, 2.1024, 1, 3),
(97, 200, 30000, 0.00113, 831.34, 865.24, 2.2892, 1, 3),
(98, 220, 30000, 0.001159, 918.32, 953.09, 2.471, 1, 3),
(99, 240, 30000, 0.001192, 1006.84, 1042.6, 2.6489, 1, 3),
(100, 260, 30000, 0.00123, 1097.38, 1134.29, 2.8242, 1, 3),
(101, 280, 30000, 0.001275, 1190.69, 1228.96, 2.9985, 1, 3),
(102, 300, 30000, 0.00133, 1287.89, 1327.8, 3.174, 1, 3),
(103, 320, 30000, 0.0014, 1390.64, 1432.63, 3.3538, 1, 3),
(104, 340, 30000, 0.001492, 1501.71, 1546.47, 3.5425, 1, 3),
(105, 360, 30000, 0.001627, 1626.57, 1675.36, 3.7492, 1, 3),
(106, 380, 50000, 0.001869, 1781.35, 1837.43, 4.001, 1, 3),
(107, 0, 50000, 0.000977, 0.2, 49.03, -0.0014, 1, 3),
(108, 20, 50000, 0.00098, 80.98, 130, 0.2847, 1, 3),
(109, 40, 50000, 0.000987, 161.84, 211.2, 0.5526, 1, 3),
(110, 60, 50000, 0.000996, 242.96, 292.77, 0.8051, 1, 3),
(111, 80, 50000, 0.001007, 324.32, 374.68, 1.0439, 1, 3),
(112, 100, 50000, 0.00102, 405.86, 456.87, 1.2703, 1, 3),
(113, 120, 50000, 0.001035, 487.63, 539.37, 1.4857, 1, 3),
(114, 140, 50000, 0.001052, 569.76, 622.33, 1.6915, 1, 3),
(115, 160, 50000, 0.00107, 652.39, 705.91, 1.889, 1, 3),
(116, 180, 50000, 0.001091, 735.68, 790.24, 2.0793, 1, 3),
(117, 200, 50000, 0.001115, 819.73, 875.46, 2.2634, 1, 3),
(118, 220, 50000, 0.001141, 904.67, 961.71, 2.4419, 1, 3),
(119, 240, 50000, 0.00117, 990.69, 1049.2, 2.6158, 1, 3),
(120, 260, 50000, 0.001203, 1078.06, 1138.23, 2.786, 1, 3),
(121, 280, 50000, 0.001242, 1167.19, 1229.26, 2.9536, 1, 3),
(122, 300, 50000, 0.001286, 1258.66, 1322.95, 3.12, 1, 3),
(123, 320, 50000, 0.001339, 1353.23, 1420.17, 3.2867, 1, 3),
(124, 340, 50000, 0.001403, 1451.91, 1522.07, 3.4556, 1, 3),
(125, 360, 50000, 0.001484, 1555.97, 1630.16, 3.629, 1, 3),
(126, 380, 50000, 0.001588, 1667.13, 1746.54, 3.81, 1, 3);

-- --------------------------------------------------------

--
-- Table structure for table `tabels_superheat`
--

CREATE TABLE `tabels_superheat` (
  `id` int(11) NOT NULL,
  `temp` double NOT NULL,
  `pres` double NOT NULL,
  `vol` double NOT NULL,
  `eng` double NOT NULL,
  `antal` double NOT NULL,
  `ant` double NOT NULL,
  `material_n_id` int(11) NOT NULL,
  `state_n_id` int(11) NOT NULL
) ENGINE=InnoDB DEFAULT CHARSET=utf8mb4;

--
-- Dumping data for table `tabels_superheat`
--

INSERT INTO `tabels_superheat` (`id`, `temp`, `pres`, `vol`, `eng`, `antal`, `ant`, `material_n_id`, `state_n_id`) VALUES
(1, 50, 10, 14.8692, 2443.87, 2592.56, 8.1749, 1, 2),
(2, 100, 10, 17.19561, 2515.5, 2687.46, 8.4479, 1, 2),
(3, 150, 10, 19.51251, 2587.86, 2782.99, 8.6881, 1, 2),
(4, 200, 10, 21.82507, 2661.27, 2879.52, 8.9037, 1, 2),
(5, 250, 10, 24.13559, 2735.95, 2977.31, 9.1002, 1, 2),
(6, 300, 10, 26.44508, 2812.06, 3076.51, 9.2812, 1, 2),
(7, 400, 10, 31.06252, 2968.89, 3279.51, 9.6076, 1, 2),
(8, 500, 10, 35.67896, 3132.26, 3489.05, 9.8977, 1, 2),
(9, 600, 10, 40.29488, 3302.45, 3705.4, 10.1608, 1, 2),
(10, 700, 10, 44.91052, 3479.63, 3928.73, 10.4028, 1, 2),
(11, 800, 10, 49.52599, 3663.84, 4159.1, 10.6281, 1, 2),
(12, 900, 10, 54.14137, 3855.03, 4396.44, 10.8395, 1, 2),
(13, 1000, 10, 58.75669, 4053.01, 4640.58, 11.0392, 1, 2),
(14, 1100, 10, 63.37198, 4257.47, 4891.19, 11.2287, 1, 2),
(15, 1200, 10, 67.98724, 4467.91, 5147.78, 11.409, 1, 2),
(16, 1300, 10, 72.6025, 4683.68, 5409.7, 14.581, 1, 2),
(17, 50, 50, 0, 0, 0, 0, 1, 2),
(18, 100, 50, 3.41833, 2511.61, 2682.52, 7.6947, 1, 2),
(19, 150, 50, 3.88937, 2585.61, 2780.08, 7.94, 1, 2),
(20, 200, 50, 4.35595, 2659.85, 2877.64, 8.1579, 1, 2),
(21, 250, 50, 4.82045, 2734.97, 2975.99, 8.3555, 1, 2),
(22, 300, 50, 5.28391, 2811.33, 3075.52, 8.5372, 1, 2),
(23, 400, 50, 6.20929, 2968.43, 3278.89, 8.8641, 1, 2),
(24, 500, 50, 7.13364, 3131.94, 3488.62, 9.1545, 1, 2),
(25, 600, 50, 8.05748, 3302.22, 3705.1, 9.4177, 1, 2),
(26, 700, 50, 8.98104, 3479.45, 3928.51, 9.6599, 1, 2),
(27, 800, 50, 9.90444, 3663.7, 4158.92, 9.8852, 1, 2),
(28, 900, 50, 10.82773, 3854.91, 4396.3, 10.0967, 1, 2),
(29, 1000, 50, 11.75097, 4052.91, 4640.46, 10.2964, 1, 2),
(30, 1100, 50, 12.67418, 4257.37, 4891.08, 10.4858, 1, 2),
(31, 1200, 50, 13.59737, 4467.82, 5147.69, 10.6662, 1, 2),
(32, 1300, 50, 14.52054, 4683.58, 5409.61, 10.8382, 1, 2),
(33, 150, 100, 1.93636, 2582.75, 2776.38, 7.6133, 1, 2),
(34, 200, 100, 2.17226, 2658.05, 2875.27, 7.8342, 1, 2),
(35, 250, 100, 2.40604, 2733.73, 2974.33, 8.0332, 1, 2),
(36, 300, 100, 2.63876, 2810.41, 3074.28, 8.2157, 1, 2),
(37, 400, 100, 3.10263, 2967.85, 3278.11, 8.5434, 1, 2),
(38, 500, 100, 3.56547, 3131.54, 3488.09, 8.8341, 1, 2),
(39, 600, 100, 4.02781, 3301.94, 3704.72, 9.0975, 1, 2),
(40, 700, 100, 4.48986, 3479.24, 3928.23, 9.3398, 1, 2),
(41, 800, 100, 4.95174, 3663.53, 4158.71, 9.5652, 1, 2),
(42, 900, 100, 5.41353, 3854.77, 4396.12, 9.7767, 1, 2),
(43, 1000, 100, 5.87526, 4052.78, 4640.31, 9.9764, 1, 2),
(44, 1100, 100, 6.33696, 4257.25, 4890.95, 10.1658, 1, 2),
(45, 1200, 100, 6.79863, 4467.7, 5147.56, 10.3462, 1, 2),
(46, 1300, 100, 7.2603, 4683.47, 5409.49, 10.5182, 1, 2),
(47, 150, 200, 0.95964, 2576.87, 2768.8, 7.2795, 1, 2),
(48, 200, 200, 1.08034, 2654.39, 2870.46, 7.5066, 1, 2),
(49, 250, 200, 1.1988, 2731.22, 2970.98, 7.7085, 1, 2),
(50, 300, 200, 1.31616, 2808.55, 3071.79, 7.8926, 1, 2),
(51, 400, 200, 1.5493, 2966.69, 3276.55, 8.2217, 1, 2),
(52, 500, 200, 1.78139, 3130.75, 3487.03, 8.5132, 1, 2),
(53, 600, 200, 2.01297, 3301.36, 3703.96, 8.7769, 1, 2),
(54, 700, 200, 2.24426, 3478.81, 3927.66, 9.0194, 1, 2),
(55, 800, 200, 2.47539, 3663.19, 4158.27, 9.245, 1, 2),
(56, 900, 200, 2.70643, 3854.49, 4395.77, 9.4565, 1, 2),
(57, 1000, 200, 2.9374, 4052.53, 4640.01, 9.6563, 1, 2),
(58, 1100, 200, 3.16834, 4257.01, 4890.68, 9.8458, 1, 2),
(59, 1200, 200, 3.39927, 4467.46, 5147.32, 10.0262, 1, 2),
(60, 1300, 200, 3.63018, 4683.23, 5409.26, 10.1982, 1, 2),
(61, 150, 300, 0.63388, 2570.79, 2760.95, 7.0778, 1, 2),
(62, 200, 300, 0.71629, 2650.65, 2865.54, 7.3115, 1, 2),
(63, 250, 300, 0.79636, 2728.69, 2967.59, 7.5165, 1, 2),
(64, 300, 300, 0.87529, 2806.69, 3069.28, 7.7022, 1, 2),
(65, 400, 300, 1.03151, 2965.53, 3274.98, 8.0329, 1, 2),
(66, 500, 300, 1.18669, 3129.95, 3485.96, 8.325, 1, 2),
(67, 600, 300, 1.34136, 3300.79, 3703.2, 8.5892, 1, 2),
(68, 700, 300, 1.49573, 3478.38, 3927.1, 8.8319, 1, 2),
(69, 800, 300, 1.64994, 3662.85, 4157.83, 9.0575, 1, 2),
(70, 900, 300, 1.80406, 3854.2, 4395.42, 9.2691, 1, 2),
(71, 1000, 300, 1.95812, 4052.27, 4639.71, 9.4689, 1, 2),
(72, 1100, 300, 2.11214, 4256.77, 4890.41, 9.6585, 1, 2),
(73, 1200, 300, 2.26614, 4467.23, 5147.07, 9.8389, 1, 2),
(74, 1300, 300, 2.42013, 4682.99, 5409.03, 10.0109, 1, 2),
(75, 150, 400, 0.47084, 2564.48, 2752.82, 6.9299, 1, 2),
(76, 200, 400, 0.53422, 2646.83, 2860.51, 7.1706, 1, 2),
(77, 250, 400, 0.59512, 2726.11, 2964.16, 7.3788, 1, 2),
(78, 300, 400, 0.65484, 2804.81, 3066.75, 7.5661, 1, 2),
(79, 400, 400, 0.77262, 2964.36, 3273.41, 7.8984, 1, 2),
(80, 500, 400, 0.88934, 3129.15, 3484.89, 8.1912, 1, 2),
(81, 600, 400, 1.00555, 3300.22, 3702.44, 8.4557, 1, 2),
(82, 700, 400, 1.12147, 3477.95, 3926.53, 8.6987, 1, 2),
(83, 800, 400, 1.23722, 3662.51, 4157.4, 8.9244, 1, 2),
(84, 900, 400, 1.35288, 3853.91, 4395.06, 9.1361, 1, 2),
(85, 1000, 400, 1.46847, 4052.02, 4639.41, 9.336, 1, 2),
(86, 1100, 400, 1.58404, 4256.53, 4890.15, 9.5255, 1, 2),
(87, 1200, 400, 1.69958, 4466.99, 5146.83, 9.7059, 1, 2),
(88, 1300, 400, 1.81511, 4682.75, 5408.8, 9.878, 1, 2),
(89, 200, 500, 0.42492, 2642.91, 2855.37, 7.0592, 1, 2),
(90, 250, 500, 0.47436, 2723.5, 2960.68, 7.2708, 1, 2),
(91, 300, 500, 0.52256, 2802.91, 3064.2, 7.4598, 1, 2),
(92, 350, 500, 0.57012, 2882.59, 3167.65, 7.6328, 1, 2),
(93, 400, 500, 0.61728, 2963.19, 3271.83, 7.7937, 1, 2),
(94, 500, 500, 0.71093, 3128.35, 3483.82, 8.0872, 1, 2),
(95, 600, 500, 0.80406, 3299.64, 3701.67, 8.3521, 1, 2),
(96, 700, 500, 0.89691, 3477.52, 3925.97, 8.5952, 1, 2),
(97, 800, 500, 0.98959, 3662.17, 4156.96, 8.8211, 1, 2),
(98, 900, 500, 1.08217, 3853.63, 4394.71, 9.0329, 1, 2),
(99, 1000, 500, 1.17469, 4051.76, 4639.11, 9.2328, 1, 2),
(100, 1100, 500, 1.26718, 4256.29, 4889.88, 9.4224, 1, 2),
(101, 1200, 500, 1.35964, 4466.76, 5146.58, 9.6028, 1, 2),
(102, 1300, 500, 1.4521, 4682.52, 5408.57, 9.7749, 1, 2),
(103, 200, 600, 0.35202, 2638.91, 2850.12, 6.9665, 1, 2),
(104, 250, 600, 0.39383, 2720.86, 2957.16, 7.1816, 1, 2),
(105, 300, 600, 0.43437, 2801, 3061.63, 7.3723, 1, 2),
(106, 350, 600, 0.47424, 2881.12, 3165.66, 7.5463, 1, 2),
(107, 400, 600, 0.51372, 2962.02, 3270.25, 7.7078, 1, 2),
(108, 500, 600, 0.59199, 3127.55, 3482.75, 8.002, 1, 2),
(109, 600, 600, 0.66974, 3299.07, 3700.91, 8.2673, 1, 2),
(110, 700, 600, 0.7472, 3477.08, 3925.41, 8.5107, 1, 2),
(111, 800, 600, 0.8245, 3661.83, 4156.52, 8.7367, 1, 2),
(112, 900, 600, 0.90169, 3853.34, 4394.36, 8.9485, 1, 2),
(113, 1000, 600, 0.97883, 4051.51, 4638.81, 9.1484, 1, 2),
(114, 1100, 600, 1.05594, 4256.05, 4889.61, 9.3381, 1, 2),
(115, 1200, 600, 1.13302, 4466.52, 5146.34, 9.5185, 1, 2),
(116, 1300, 600, 1.21009, 4682.28, 5408.34, 9.6906, 1, 2),
(117, 200, 800, 0.2608, 2630.61, 2839.25, 6.8158, 1, 2),
(118, 250, 800, 0.29314, 2715.46, 2949.97, 7.0384, 1, 2),
(119, 300, 800, 0.32411, 2797.14, 3056.43, 7.2327, 1, 2),
(120, 350, 800, 0.35439, 2878.16, 3161.68, 7.4088, 1, 2),
(121, 400, 800, 0.38426, 2959.66, 3267.07, 7.5715, 1, 2),
(122, 500, 800, 0.44331, 3125.95, 3480.6, 7.8672, 1, 2),
(123, 600, 800, 0.50184, 3297.91, 3699.38, 8.1332, 1, 2),
(124, 700, 800, 0.56007, 3476.22, 3924.27, 8.377, 1, 2),
(125, 800, 800, 0.61813, 3661.14, 4155.65, 8.6033, 1, 2),
(126, 900, 800, 0.6761, 3852.77, 4393.65, 8.8153, 1, 2),
(127, 1000, 800, 0.73401, 4051, 4638.2, 9.0153, 1, 2),
(128, 1100, 800, 0.79188, 4255.57, 4889.08, 9.2049, 1, 2),
(129, 1200, 800, 0.84974, 4466.05, 5145.85, 9.3854, 1, 2),
(130, 1300, 800, 0.90758, 4681.81, 5407.87, 9.5575, 1, 2),
(131, 200, 1000, 0.20596, 2621.9, 2827.86, 6.6939, 1, 2),
(132, 250, 1000, 0.23268, 2709.91, 2942.59, 6.9246, 1, 2),
(133, 300, 1000, 0.25794, 2793.21, 3051.15, 7.1228, 1, 2),
(134, 350, 1000, 0.28247, 2875.18, 3157.65, 7.301, 1, 2),
(135, 400, 1000, 0.30659, 2957.29, 3263.88, 7.465, 1, 2),
(136, 500, 1000, 0.35411, 3124.34, 3478.44, 7.7621, 1, 2),
(137, 600, 1000, 0.40109, 3296.76, 3697.85, 8.0289, 1, 2),
(138, 700, 1000, 0.44779, 3475.35, 3923.14, 8.2731, 1, 2),
(139, 800, 1000, 0.49432, 3660.46, 4154.78, 8.4996, 1, 2),
(140, 900, 1000, 0.54075, 3852.19, 4392.94, 8.7118, 1, 2),
(141, 1000, 1000, 0.58712, 4050.49, 4637.6, 8.9119, 1, 2),
(142, 1100, 1000, 0.63345, 4255.09, 4888.55, 9.1016, 1, 2),
(143, 1200, 1000, 0.67977, 4465.58, 5145.36, 9.2821, 1, 2),
(144, 1300, 1000, 0.72608, 4681.33, 5407.41, 9.4542, 1, 2),
(145, 200, 1200, 0.1693, 2612.74, 2815.9, 6.5898, 1, 2),
(146, 250, 1200, 0.19235, 2704.2, 2935.01, 6.8293, 1, 2),
(147, 300, 1200, 0.21382, 2789.22, 3045.8, 7.0316, 1, 2),
(148, 350, 1200, 0.23452, 2872.16, 3153.59, 7.212, 1, 2),
(149, 400, 1200, 0.2548, 2954.9, 3260.66, 7.3773, 1, 2),
(150, 500, 1200, 0.29463, 3122.72, 3476.28, 7.6758, 1, 2),
(151, 600, 1200, 0.33393, 3295.6, 3696.32, 7.9434, 1, 2),
(152, 700, 1200, 0.37294, 3474.48, 3922.01, 8.1881, 1, 2),
(153, 800, 1200, 0.41177, 3659.77, 4153.9, 8.4149, 1, 2),
(154, 900, 1200, 0.45051, 3851.62, 4392.23, 8.6272, 1, 2),
(155, 1000, 1200, 0.48919, 4049.98, 4637, 8.8274, 1, 2),
(156, 1100, 1200, 0.52783, 4254.61, 4888.02, 9.0171, 1, 2),
(157, 1200, 1200, 0.56646, 4465.12, 5144.87, 9.1977, 1, 2),
(158, 1300, 1200, 0.60507, 4680.86, 5406.95, 9.3698, 1, 2),
(159, 200, 1400, 0.14302, 2603.09, 2803.32, 6.4975, 1, 2),
(160, 250, 1400, 0.1635, 2698.32, 2927.22, 6.7467, 1, 2),
(161, 300, 1400, 0.18228, 2785.16, 3040.35, 6.9533, 1, 2),
(162, 350, 1400, 0.20026, 2869.12, 3149.49, 7.1359, 1, 2),
(163, 400, 1400, 0.2178, 2952.5, 3257.42, 7.3025, 1, 2),
(164, 500, 1400, 0.25215, 3121.1, 3474.11, 7.6026, 1, 2),
(165, 600, 1400, 0.28596, 3294.44, 3694.78, 7.871, 1, 2),
(166, 700, 1400, 0.31947, 3473.61, 3920.87, 8.116, 1, 2),
(167, 800, 1400, 0.35281, 3659.09, 4153.03, 8.3431, 1, 2),
(168, 900, 1400, 0.38606, 3851.05, 4391.53, 8.5555, 1, 2),
(169, 1000, 1400, 0.41924, 4049.47, 4636.41, 8.7558, 1, 2),
(170, 1100, 1400, 0.45239, 4254.14, 4887.49, 8.9456, 1, 2),
(171, 1200, 1400, 0.48552, 4464.65, 5144.38, 9.1262, 1, 2),
(172, 1300, 1400, 0.51864, 4680.39, 5406.49, 9.2983, 1, 2),
(173, 250, 1600, 0.14184, 2692.26, 2919.2, 6.6732, 1, 2),
(174, 300, 1600, 0.15862, 2781.03, 3034.83, 6.8844, 1, 2),
(175, 350, 1600, 0.17456, 2866.05, 3145.35, 7.0693, 1, 2),
(176, 400, 1600, 0.19005, 2950.09, 3254.17, 7.2373, 1, 2),
(177, 500, 1600, 0.22029, 3119.47, 3471.93, 7.5389, 1, 2),
(178, 600, 1600, 0.24998, 3293.27, 3693.23, 7.808, 1, 2),
(179, 700, 1600, 0.27937, 3472.74, 3919.73, 8.0535, 1, 2),
(180, 800, 1600, 0.30859, 3658.4, 4152.15, 8.2808, 1, 2),
(181, 900, 1600, 0.33772, 3850.47, 4390.82, 8.4934, 1, 2),
(182, 1000, 1600, 0.36678, 4048.96, 4635.81, 8.6938, 1, 2),
(183, 1100, 1600, 0.39581, 4253.66, 4886.95, 8.8837, 1, 2),
(184, 1200, 1600, 0.42482, 4464.18, 5143.89, 9.0642, 1, 2),
(185, 1300, 1600, 0.45382, 4679.92, 5406.02, 9.2364, 1, 2),
(186, 250, 1800, 0.12497, 2686.02, 2910.96, 6.6066, 1, 2),
(187, 300, 1800, 0.14021, 2776.83, 3029.21, 6.8226, 1, 2),
(188, 350, 1800, 0.15457, 2862.95, 3141.18, 7.0099, 1, 2),
(189, 400, 1800, 0.16847, 2947.66, 3250.9, 7.1793, 1, 2),
(190, 500, 1800, 0.1955, 3117.84, 3469.75, 7.4824, 1, 2),
(191, 600, 1800, 0.22199, 3292.1, 3691.69, 7.7523, 1, 2),
(192, 700, 1800, 0.24818, 3471.87, 3918.59, 7.9983, 1, 2),
(193, 800, 1800, 0.2742, 3657.71, 4151.27, 8.2258, 1, 2),
(194, 900, 1800, 0.30012, 3849.9, 4390.11, 8.4386, 1, 2),
(195, 1000, 1800, 0.32598, 4048.45, 4635.21, 8.639, 1, 2),
(196, 1100, 1800, 0.3518, 4253.18, 4886.42, 8.829, 1, 2),
(197, 1200, 1800, 0.37761, 4463.71, 5143.4, 9.0096, 1, 2),
(198, 1300, 1800, 0.4034, 4679.44, 5405.56, 9.1817, 1, 2),
(199, 250, 2000, 0.11144, 2679.58, 2902.46, 6.5452, 1, 2),
(200, 300, 2000, 0.12547, 2772.56, 3023.5, 6.7663, 1, 2),
(201, 350, 2000, 0.13857, 2859.81, 3136.96, 6.9562, 1, 2),
(202, 400, 2000, 0.1512, 2945.21, 3247.6, 7.127, 1, 2),
(203, 450, 2000, 0.16353, 3030.41, 3357.48, 7.2844, 1, 2),
(204, 500, 2000, 0.17568, 3116.2, 3467.55, 7.4316, 1, 2),
(205, 600, 2000, 0.1996, 3290.93, 3690.14, 7.7023, 1, 2),
(206, 700, 2000, 0.22323, 3470.99, 3917.45, 7.9487, 1, 2),
(207, 800, 2000, 0.24668, 3657.03, 4150.4, 8.1766, 1, 2),
(208, 900, 2000, 0.27004, 3849.33, 4389.4, 8.3895, 1, 2),
(209, 1000, 2000, 0.29333, 4047.94, 4634.61, 8.59, 1, 2),
(210, 1100, 2000, 0.31659, 4252.71, 4885.89, 8.78, 1, 2),
(211, 1200, 2000, 0.33984, 4463.25, 5142.92, 8.9606, 1, 2),
(212, 1300, 2000, 0.36306, 4678.97, 5405.1, 9.1328, 1, 2),
(213, 250, 2500, 0.087, 2662.55, 2880.06, 6.4084, 1, 2),
(214, 300, 2500, 0.0989, 2761.56, 3008.81, 6.6437, 1, 2),
(215, 350, 2500, 0.10976, 2851.84, 3126.24, 6.8402, 1, 2),
(216, 400, 2500, 0.1201, 2939.03, 3239.28, 7.0147, 1, 2),
(217, 450, 2500, 0.13014, 3025.43, 3350.77, 7.1745, 1, 2),
(218, 500, 2500, 0.13998, 3112.08, 3462.04, 7.3233, 1, 2),
(219, 600, 2500, 0.1593, 3287.99, 3686.25, 7.596, 1, 2),
(220, 700, 2500, 0.17832, 3468.8, 3914.59, 7.8435, 1, 2),
(221, 800, 2500, 0.19716, 3655.3, 4148.2, 8.072, 1, 2),
(222, 900, 2500, 0.2159, 3847.89, 4387.64, 8.2853, 1, 2),
(223, 1000, 2500, 0.23458, 4046.67, 4633.12, 8.486, 1, 2),
(224, 1100, 2500, 0.25322, 4251.52, 4884.57, 8.6761, 1, 2),
(225, 1200, 2500, 0.27185, 4462.08, 5141.7, 8.8569, 1, 2),
(226, 1300, 2500, 0.29046, 4677.8, 5403.95, 9.0291, 1, 2),
(227, 250, 3000, 0.07058, 2644, 2855.75, 6.2871, 1, 2),
(228, 300, 3000, 0.08114, 2750.05, 2993.48, 6.5389, 1, 2),
(229, 350, 3000, 0.09053, 2843.66, 3115.25, 6.7427, 1, 2),
(230, 400, 3000, 0.09936, 2932.75, 3230.82, 6.9211, 1, 2),
(231, 450, 3000, 0.10787, 3020.38, 3344, 7.0833, 1, 2),
(232, 500, 3000, 0.11619, 3107.92, 3456.48, 7.2337, 1, 2),
(233, 600, 3000, 0.13243, 3285.03, 3682.34, 7.5084, 1, 2),
(234, 700, 3000, 0.14838, 3466.59, 3911.72, 7.7571, 1, 2),
(235, 800, 3000, 0.16414, 3653.58, 4146, 7.9862, 1, 2),
(236, 900, 3000, 0.1798, 3846.46, 4385.87, 8.1999, 1, 2),
(237, 1000, 3000, 0.19541, 4045.4, 4631.63, 8.4009, 1, 2),
(238, 1100, 3000, 0.21098, 4250.33, 4883.26, 8.5911, 1, 2),
(239, 1200, 3000, 0.22652, 4460.92, 5140.49, 8.7719, 1, 2),
(240, 1300, 3000, 0.24206, 4676.63, 5402.81, 8.9442, 1, 2),
(241, 250, 4000, 0, 0, 0, 0, 1, 2),
(242, 300, 4000, 0.05884, 2725.33, 2960.68, 6.3614, 1, 2),
(243, 350, 4000, 0.06645, 2826.65, 3092.43, 6.582, 1, 2),
(244, 400, 4000, 0.07341, 2919.88, 3213.51, 6.7689, 1, 2),
(245, 450, 4000, 0.08003, 3010.13, 3330.23, 6.9362, 1, 2),
(246, 500, 4000, 0.08643, 3099.49, 3445.21, 7.09, 1, 2),
(247, 600, 4000, 0.09885, 3279.06, 3674.44, 7.3688, 1, 2),
(248, 700, 4000, 0.11095, 3462.15, 3905.94, 7.6198, 1, 2),
(249, 800, 4000, 0.12287, 3650.11, 4141.59, 7.8502, 1, 2),
(250, 900, 4000, 0.13469, 3843.59, 4382.34, 8.0647, 1, 2),
(251, 1000, 4000, 0.14645, 4042.87, 4628.65, 8.2661, 1, 2),
(252, 1100, 4000, 0.15817, 4247.96, 4880.63, 8.4566, 1, 2),
(253, 1200, 4000, 0.16987, 4458.6, 5138.07, 8.6376, 1, 2),
(254, 1300, 4000, 0.18156, 4674.29, 5400.52, 8.8099, 1, 2),
(255, 300, 8000, 0.04532, 2697.94, 2924.53, 6.2083, 1, 2),
(256, 350, 8000, 0.05194, 2808.67, 3068.39, 6.4492, 1, 2),
(257, 400, 8000, 0.05781, 2906.58, 3195.64, 6.6458, 1, 2),
(258, 450, 8000, 0.0633, 2999.64, 3316.15, 6.8185, 1, 2),
(259, 500, 8000, 0.06857, 3090.92, 3433.76, 6.9758, 1, 2),
(260, 550, 8000, 0.07368, 3181.82, 3550.23, 7.1217, 1, 2),
(261, 600, 8000, 0.07869, 3273.01, 3666.47, 7.2588, 1, 2),
(262, 700, 8000, 0.08849, 3457.67, 3900.13, 7.5122, 1, 2),
(263, 800, 8000, 0.09811, 3646.62, 4137.17, 7.744, 1, 2),
(264, 900, 8000, 0.10762, 3840.71, 4378.82, 7.9593, 1, 2),
(265, 1000, 8000, 0.11707, 4040.35, 4625.69, 8.1612, 1, 2),
(266, 1100, 8000, 0.12648, 4245.61, 4878.02, 8.3519, 1, 2),
(267, 1200, 8000, 0.13587, 4456.3, 5135.67, 8.533, 1, 2),
(268, 1300, 8000, 0.14526, 4671.96, 5398.24, 8.7055, 1, 2),
(269, 300, 10000, 0.03616, 2667.22, 2884.19, 6.0673, 1, 2),
(270, 350, 10000, 0.04223, 2789.61, 3042.97, 6.3334, 1, 2),
(271, 400, 10000, 0.04739, 2892.81, 3177.17, 6.5407, 1, 2),
(272, 450, 10000, 0.05214, 2988.9, 3301.76, 6.7192, 1, 2),
(273, 500, 10000, 0.05665, 3082.2, 3422.12, 6.8802, 1, 2),
(274, 550, 10000, 0.06101, 3174.57, 3540.62, 7.0287, 1, 2),
(275, 600, 10000, 0.06525, 3266.89, 3658.4, 7.1676, 1, 2),
(276, 700, 10000, 0.07352, 3453.15, 3894.28, 7.4234, 1, 2),
(277, 800, 10000, 0.0816, 3643.12, 4132.74, 7.6566, 1, 2),
(278, 900, 10000, 0.08958, 3837.84, 4375.29, 7.8727, 1, 2),
(279, 1000, 10000, 0.09749, 4037.83, 4622.74, 8.0751, 1, 2),
(280, 1100, 10000, 0.10536, 4243.26, 4875.42, 8.2661, 1, 2),
(281, 1200, 10000, 0.11321, 4454, 5133.28, 8.4473, 1, 2),
(282, 1300, 10000, 0.12106, 4669.64, 5395.97, 8.6199, 1, 2),
(283, 350, 15000, 0.01147, 2520.36, 2692.41, 5.442, 1, 2),
(284, 400, 15000, 0.01565, 2740.7, 2975.44, 5.881, 1, 2),
(285, 450, 15000, 0.01845, 2879.47, 3156.15, 6.1403, 1, 2),
(286, 500, 15000, 0.0208, 2996.52, 3308.53, 6.3442, 1, 2),
(287, 550, 15000, 0.02293, 3104.71, 3448.61, 6.5198, 1, 2),
(288, 600, 15000, 0.02491, 3208.64, 3582.3, 6.6775, 1, 2),
(289, 650, 15000, 0.0268, 3310.37, 3712.32, 6.8223, 1, 2),
(290, 700, 15000, 0.02861, 3410.94, 3840.12, 6.9572, 1, 2),
(291, 800, 15000, 0.0321, 3610.99, 4092.43, 7.204, 1, 2),
(292, 900, 15000, 0.03546, 3811.89, 4343.75, 7.4279, 1, 2),
(293, 1000, 15000, 0.03875, 4015.41, 4596.63, 7.6347, 1, 2),
(294, 1100, 15000, 0.042, 4222.55, 4852.56, 7.8282, 1, 2),
(295, 1200, 15000, 0.04523, 4433.78, 5112.27, 8.0108, 1, 2),
(296, 1300, 15000, 0.04845, 4649.12, 5375.94, 8.1839, 1, 2),
(297, 350, 20000, 0, 0, 0, 0, 1, 2),
(298, 400, 20000, 0.00994, 2619.22, 2818.07, 5.5539, 1, 2),
(299, 450, 20000, 0.0127, 2806.16, 3060.06, 5.9016, 1, 2),
(300, 500, 20000, 0.01477, 2942.82, 3238.18, 6.14, 1, 2),
(301, 550, 20000, 0.01656, 3062.34, 3393.45, 6.3347, 1, 2),
(302, 600, 20000, 0.01818, 3174, 3537.57, 6.5048, 1, 2),
(303, 650, 20000, 0.01969, 3281.46, 3675.32, 6.6582, 1, 2),
(304, 700, 20000, 0.02113, 3386.46, 3809.09, 6.7993, 1, 2),
(305, 800, 20000, 0.02385, 3592.73, 4069.8, 7.0544, 1, 2),
(306, 900, 20000, 0.02645, 3797.44, 4326.37, 7.283, 1, 2),
(307, 1000, 20000, 0.02897, 4003.12, 4582.45, 7.4925, 1, 2),
(308, 1100, 20000, 0.03145, 4211.3, 4840.24, 7.6874, 1, 2),
(309, 1200, 20000, 0.03391, 4422.81, 5100.96, 7.8706, 1, 2),
(310, 1300, 20000, 0.03636, 4637.95, 5365.1, 8.044, 1, 2),
(311, 375, 30000, 0.001789, 1737.75, 1791.43, 3.9303, 1, 2),
(312, 400, 30000, 0.00279, 2067.34, 2151.04, 4.4728, 1, 2),
(313, 425, 30000, 0.005304, 2455.06, 2614.17, 5.1503, 1, 2),
(314, 450, 30000, 0.006735, 2619.3, 2821.35, 5.4423, 1, 2),
(315, 500, 30000, 0.008679, 2820.67, 3081.03, 5.7904, 1, 2),
(316, 550, 30000, 0.010168, 2970.31, 3275.36, 6.0342, 1, 2),
(317, 600, 30000, 0.011446, 3100.53, 3443.91, 6.233, 1, 2),
(318, 650, 30000, 0.012596, 3221.04, 3598.93, 6.4057, 1, 2),
(319, 700, 30000, 0.013661, 3335.84, 3745.67, 6.5606, 1, 2),
(320, 800, 30000, 0.015623, 3555.6, 4024.31, 6.8332, 1, 2),
(321, 900, 30000, 0.017448, 3768.48, 4291.93, 7.0717, 1, 2),
(322, 1000, 30000, 0.019196, 3978.79, 4554.68, 7.2867, 1, 2),
(323, 1100, 30000, 0.020903, 4189.18, 4816.28, 7.4845, 1, 2),
(324, 1200, 30000, 0.022589, 4401.29, 5078.97, 7.6691, 1, 2),
(325, 1300, 30000, 0.024266, 4615.96, 5343.95, 7.8432, 1, 2),
(326, 375, 40000, 0.001641, 1677.09, 1742.71, 3.8289, 1, 2),
(327, 400, 40000, 0.001908, 1854.52, 1930.83, 4.1134, 1, 2),
(328, 425, 40000, 0.002532, 2096.83, 2198.11, 4.5028, 1, 2),
(329, 450, 40000, 0.003693, 2365.07, 2512.79, 4.9459, 1, 2),
(330, 500, 40000, 0.005623, 2678.36, 2903.26, 5.4699, 1, 2),
(331, 550, 40000, 0.006984, 2869.69, 3149.05, 5.7784, 1, 2),
(332, 600, 40000, 0.008094, 3022.61, 3346.38, 6.0113, 1, 2),
(333, 650, 40000, 0.009064, 3158.04, 3520.58, 6.2054, 1, 2),
(334, 700, 40000, 0.009942, 3283.63, 3681.29, 6.375, 1, 2),
(335, 800, 40000, 0.011523, 3517.89, 3978.8, 6.6662, 1, 2),
(336, 900, 40000, 0.012963, 3739.42, 4257.93, 6.915, 1, 2),
(337, 1000, 40000, 0.014324, 3954.64, 4527.59, 7.1356, 1, 2),
(338, 1100, 40000, 0.015643, 4167.38, 4793.08, 7.3364, 1, 2),
(339, 1200, 40000, 0.01694, 4380.11, 5057.72, 7.5224, 1, 2),
(340, 1300, 40000, 0.018229, 4594.28, 5323.45, 7.6969, 1, 2),
(341, -30, 50, 2.3448, 1296.2, 1413.4, 6.2333, 2, 2),
(342, -20, 50, 2.4463, 1312.3, 1434.6, 6.3187, 2, 2),
(343, -10, 50, 2.5471, 1328.4, 1455.7, 6.4006, 2, 2),
(344, 0, 50, 2.6474, 1344.5, 1476.9, 6.4795, 2, 2),
(345, 10, 50, 2.7472, 1360.7, 1498.1, 6.5556, 2, 2),
(346, 20, 50, 2.8466, 1377, 1519.3, 6.6293, 2, 2),
(347, 30, 50, 2.9458, 1393.3, 1540.6, 6.7008, 2, 2),
(348, 40, 50, 3.0447, 1409.8, 1562, 6.7703, 2, 2),
(349, 50, 50, 3.1435, 1426.3, 1583.5, 6.8379, 2, 2),
(350, 60, 50, 3.2421, 1443, 1605.1, 6.9038, 2, 2),
(351, 70, 50, 3.3406, 1459.9, 1626.9, 6.9682, 2, 2),
(352, 80, 50, 3.439, 1476.9, 1648.8, 7.0312, 2, 2),
(353, 100, 50, 3.6355, 1511.4, 1693.2, 7.1533, 2, 2),
(354, 120, 50, 3.8318, 1546.6, 1738.2, 7.2708, 2, 2),
(355, 140, 50, 4.028, 1582.5, 1783.9, 7.3842, 2, 2),
(356, 160, 50, 4.224, 1619.2, 1830.4, 7.4941, 2, 2),
(357, 180, 50, 4.4199, 1656.7, 1877.7, 7.6008, 2, 2),
(358, 200, 50, 4.6157, 1694.9, 1925.7, 7.7045, 2, 2),
(359, -30, 100, 1.1573, 1291, 1406.7, 5.8734, 2, 2),
(360, -20, 100, 1.2101, 1307.8, 1428.8, 5.9626, 2, 2),
(361, -10, 100, 1.2621, 1324.6, 1450.8, 6.0477, 2, 2),
(362, 0, 100, 1.3136, 1341.3, 1472.6, 6.1291, 2, 2),
(363, 10, 100, 1.3647, 1357.9, 1494.4, 6.2073, 2, 2),
(364, 20, 100, 1.4153, 1374.5, 1516.1, 6.2826, 2, 2),
(365, 30, 100, 1.4657, 1391.2, 1537.7, 6.3553, 2, 2),
(366, 40, 100, 1.5158, 1407.9, 1559.5, 6.4258, 2, 2),
(367, 50, 100, 1.5658, 1424.7, 1581.2, 6.4943, 2, 2),
(368, 60, 100, 1.6156, 1441.5, 1603.1, 6.5609, 2, 2),
(369, 70, 100, 1.6653, 1458.5, 1625.1, 6.6258, 2, 2),
(370, 80, 100, 1.7148, 1475.6, 1647.1, 6.6892, 2, 2),
(371, 100, 100, 1.8137, 1510.3, 1691.7, 6.812, 2, 2),
(372, 120, 100, 1.9124, 1545.7, 1736.9, 6.93, 2, 2),
(373, 140, 100, 2.0109, 1581.7, 1782.8, 7.0439, 2, 2),
(374, 160, 100, 2.1093, 1618.5, 1829.4, 7.154, 2, 2),
(375, 180, 100, 2.2075, 1656, 1876.8, 7.2609, 2, 2),
(376, 200, 100, 2.3057, 1694.3, 1924.9, 7.3648, 2, 2),
(377, -20, 150, 0.7977, 1303.3, 1422.9, 5.7465, 2, 2),
(378, -10, 150, 0.8336, 1320.7, 1445.7, 5.8349, 2, 2),
(379, 0, 150, 0.8689, 1337.9, 1468.3, 5.9189, 2, 2),
(380, 10, 150, 0.9037, 1355, 1490.6, 5.9992, 2, 2),
(381, 20, 150, 0.9382, 1372, 1512.8, 6.0761, 2, 2),
(382, 30, 150, 0.9723, 1389, 1534.9, 6.1502, 2, 2),
(383, 40, 150, 1.0062, 1406, 1556.9, 6.2217, 2, 2),
(384, 50, 150, 1.0398, 1423, 1578.9, 6.291, 2, 2),
(385, 60, 150, 1.0734, 1440, 1601, 6.3583, 2, 2),
(386, 70, 150, 1.1068, 1457.2, 1623.2, 6.4238, 2, 2),
(387, 80, 150, 1.1401, 1474.4, 1645.4, 6.4877, 2, 2),
(388, 100, 150, 1.2065, 1509.3, 1690.2, 6.6112, 2, 2),
(389, 120, 150, 1.2726, 1544.8, 1735.6, 6.7297, 2, 2),
(390, 140, 150, 1.3386, 1580.9, 1781.7, 6.8439, 2, 2),
(391, 160, 150, 1.4044, 1617.8, 1828.4, 6.9544, 2, 2),
(392, 180, 150, 1.4701, 1655.4, 1875.9, 7.0615, 2, 2),
(393, 200, 150, 1.5357, 1693.7, 1924.1, 7.1656, 2, 2),
(394, 220, 150, 1.6013, 1732.9, 1973.1, 7.267, 2, 2),
(395, -20, 200, 0, 0, 0, 0, 2, 2),
(396, -10, 200, 0.6193, 1316.7, 1440.6, 5.6791, 2, 2),
(397, 0, 200, 0.6465, 1334.5, 1463.8, 5.7659, 2, 2),
(398, 10, 200, 0.6732, 1352.1, 1486.8, 5.8484, 2, 2),
(399, 20, 200, 0.6995, 1369.5, 1509.4, 5.927, 2, 2),
(400, 30, 200, 0.7255, 1386.8, 1531.9, 6.0025, 2, 2),
(401, 40, 200, 0.7513, 1404, 1554.3, 6.0751, 2, 2),
(402, 50, 200, 0.7769, 1421.3, 1576.6, 6.1453, 2, 2),
(403, 60, 200, 0.8023, 1438.5, 1598.9, 6.2133, 2, 2),
(404, 70, 200, 0.8275, 1455.8, 1621.3, 6.2794, 2, 2),
(405, 80, 200, 0.8527, 1473.1, 1643.7, 6.3437, 2, 2),
(406, 100, 200, 0.9028, 1508.2, 1688.8, 6.4679, 2, 2),
(407, 120, 200, 0.9527, 1543.8, 1734.4, 6.5869, 2, 2),
(408, 140, 200, 1.0024, 1580.1, 1780.6, 6.7015, 2, 2),
(409, 160, 200, 1.0519, 1617, 1827.4, 6.8123, 2, 2),
(410, 180, 200, 1.1014, 1654.7, 1875, 6.9196, 2, 2),
(411, 200, 200, 1.1507, 1693.2, 1923.3, 7.0239, 2, 2),
(412, 220, 200, 1.2, 1732.4, 1972.4, 7.1255, 2, 2),
(413, 0, 300, 0.42382, 1327.5, 1454.7, 5.542, 2, 2),
(414, 10, 300, 0.44251, 1346.1, 1478.9, 5.629, 2, 2),
(415, 20, 300, 0.46077, 1364.4, 1502.6, 5.7113, 2, 2),
(416, 30, 300, 0.4787, 1382.3, 1526, 5.7896, 2, 2),
(417, 40, 300, 0.49636, 1400.1, 1549, 5.8645, 2, 2),
(418, 50, 300, 0.51382, 1417.8, 1571.9, 5.9365, 2, 2),
(419, 60, 300, 0.53111, 1435.4, 1594.7, 6.006, 2, 2),
(420, 70, 300, 0.54827, 1453, 1617.5, 6.0732, 2, 2),
(421, 80, 300, 0.56532, 1470.6, 1640.2, 6.1385, 2, 2),
(422, 100, 300, 0.59916, 1506.1, 1685.8, 6.2642, 2, 2),
(423, 120, 300, 0.63276, 1542, 1731.8, 6.3842, 2, 2),
(424, 140, 300, 0.66618, 1578.5, 1778.3, 6.4996, 2, 2),
(425, 160, 300, 0.69946, 1615.6, 1825.4, 6.6109, 2, 2),
(426, 180, 300, 0.73263, 1653.4, 1873.2, 6.7188, 2, 2),
(427, 200, 300, 0.76572, 1692, 1921.7, 6.8235, 2, 2),
(428, 220, 300, 0.79872, 1731.3, 1970.9, 6.9254, 2, 2),
(429, 240, 300, 0.83167, 1771.4, 2020.9, 7.0247, 2, 2),
(430, 260, 300, 0.86455, 1812.2, 2071.6, 7.1217, 2, 2),
(431, 0, 400, 0.31227, 1320.2, 1445.1, 5.3741, 2, 2),
(432, 10, 400, 0.32701, 1339.9, 1470.7, 5.4663, 2, 2),
(433, 20, 400, 0.34129, 1359.1, 1495.6, 5.5525, 2, 2),
(434, 30, 400, 0.3552, 1377.7, 1519.8, 5.6338, 2, 2),
(435, 40, 400, 0.36884, 1396.1, 1543.6, 5.7111, 2, 2),
(436, 50, 400, 0.38226, 1414.2, 1567.1, 5.785, 2, 2),
(437, 60, 400, 0.3955, 1432.2, 1590.4, 5.856, 2, 2),
(438, 70, 400, 0.4086, 1450.1, 1613.6, 5.9244, 2, 2),
(439, 80, 400, 0.4216, 1468, 1636.7, 5.9907, 2, 2),
(440, 100, 400, 0.44732, 1503.9, 1682.8, 6.1179, 2, 2),
(441, 120, 400, 0.47279, 1540.1, 1729.2, 6.239, 2, 2),
(442, 140, 400, 0.49808, 1576.8, 1776, 6.3552, 2, 2),
(443, 160, 400, 0.52323, 1614.1, 1823.4, 6.4671, 2, 2),
(444, 180, 400, 0.54827, 1652.1, 1871.4, 6.5755, 2, 2),
(445, 200, 400, 0.57321, 1690.8, 1920.1, 6.6806, 2, 2),
(446, 220, 400, 0.59809, 1730.3, 1969.5, 6.7828, 2, 2),
(447, 240, 400, 0.62289, 1770.5, 2019.6, 6.8825, 2, 2),
(448, 260, 400, 0.64764, 1811.4, 2070.5, 6.9797, 2, 2),
(449, 10, 500, 0.25757, 1333.5, 1462.3, 5.334, 2, 2),
(450, 20, 500, 0.26949, 1353.6, 1488.3, 5.4244, 2, 2),
(451, 30, 500, 0.28103, 1373, 1513.5, 5.509, 2, 2),
(452, 40, 500, 0.29227, 1392, 1538.1, 5.5889, 2, 2),
(453, 50, 500, 0.30328, 1410.6, 1562.2, 5.6647, 2, 2),
(454, 60, 500, 0.3141, 1429, 1586.1, 5.7373, 2, 2),
(455, 70, 500, 0.32478, 1447.3, 1609.6, 5.807, 2, 2),
(456, 80, 500, 0.33535, 1465.4, 1633.1, 5.8744, 2, 2),
(457, 100, 500, 0.35621, 1501.7, 1679.8, 6.0031, 2, 2),
(458, 120, 500, 0.37681, 1538.2, 1726.6, 6.1253, 2, 2),
(459, 140, 500, 0.39722, 1575.2, 1773.8, 6.2422, 2, 2),
(460, 160, 500, 0.41748, 1612.7, 1821.4, 6.3548, 2, 2),
(461, 180, 500, 0.43764, 1650.8, 1869.6, 6.4636, 2, 2),
(462, 200, 500, 0.45771, 1689.6, 1918.5, 6.5691, 2, 2),
(463, 220, 500, 0.4777, 1729.2, 1968.1, 6.6717, 2, 2),
(464, 240, 500, 0.49763, 1769.5, 2018.3, 6.7717, 2, 2),
(465, 260, 500, 0.51749, 1810.6, 2069.3, 6.8692, 2, 2),
(466, 10, 600, 0.21115, 1326.7, 1453.4, 5.2205, 2, 2),
(467, 20, 600, 0.22154, 1347.9, 1480.8, 5.3156, 2, 2),
(468, 30, 600, 0.23152, 1368.2, 1507.1, 5.4037, 2, 2),
(469, 40, 600, 0.24118, 1387.8, 1532.5, 5.4862, 2, 2),
(470, 50, 600, 0.25059, 1406.9, 1557.3, 5.5641, 2, 2),
(471, 60, 600, 0.25981, 1425.7, 1581.6, 5.6383, 2, 2),
(472, 70, 600, 0.26888, 1444.3, 1605.7, 5.7094, 2, 2),
(473, 80, 600, 0.27783, 1462.8, 1629.5, 5.7778, 2, 2),
(474, 100, 600, 0.29545, 1499.5, 1676.8, 5.9081, 2, 2),
(475, 120, 600, 0.31281, 1536.3, 1724, 6.0314, 2, 2),
(476, 140, 600, 0.32997, 1573.5, 1771.5, 6.1491, 2, 2),
(477, 160, 600, 0.34699, 1611.2, 1819.4, 6.2623, 2, 2),
(478, 180, 600, 0.36389, 1649.5, 1867.8, 6.3717, 2, 2),
(479, 200, 600, 0.38071, 1688.5, 1916.9, 6.4776, 2, 2),
(480, 220, 600, 0.39745, 1728.2, 1966.6, 6.5806, 2, 2),
(481, 240, 600, 0.41412, 1768.6, 2017, 6.6808, 2, 2),
(482, 260, 600, 0.43073, 1809.8, 2068.2, 6.7786, 2, 2),
(483, 20, 800, 0.16138, 1335.8, 1464.9, 5.1328, 2, 2),
(484, 30, 800, 0.16947, 1358, 1493.5, 5.2287, 2, 2),
(485, 40, 800, 0.1772, 1379, 1520.8, 5.3171, 2, 2),
(486, 50, 800, 0.18465, 1399.3, 1547, 5.3996, 2, 2),
(487, 60, 800, 0.19189, 1419, 1572.5, 5.4774, 2, 2),
(488, 70, 800, 0.19896, 1438.3, 1597.5, 5.5513, 2, 2),
(489, 80, 800, 0.2059, 1457.4, 1622.1, 5.6219, 2, 2),
(490, 100, 800, 0.21949, 1495, 1670.6, 5.7555, 2, 2),
(491, 120, 800, 0.2328, 1532.5, 1718.7, 5.8811, 2, 2),
(492, 140, 800, 0.2459, 1570.1, 1766.9, 6.0006, 2, 2),
(493, 160, 800, 0.25886, 1608.2, 1815.3, 6.115, 2, 2),
(494, 180, 800, 0.2717, 1646.8, 1864.2, 6.2254, 2, 2),
(495, 200, 800, 0.28445, 1686.1, 1913.6, 6.3322, 2, 2),
(496, 220, 800, 0.29712, 1726, 1963.7, 6.4358, 2, 2),
(497, 240, 800, 0.30973, 1766.7, 2014.5, 6.5367, 2, 2),
(498, 260, 800, 0.32228, 1808.1, 2065.9, 6.635, 2, 2),
(499, 280, 800, 0.33477, 1850.2, 2118, 6.731, 2, 2),
(500, 300, 800, 0.34722, 1893.1, 2170.9, 6.8248, 2, 2),
(501, 20, 1000, 0, 0, 0, 0, 2, 2),
(502, 30, 1000, 0.13206, 1347.1, 1479.1, 5.0826, 2, 2),
(503, 40, 1000, 0.13868, 1369.8, 1508.5, 5.1778, 2, 2),
(504, 50, 1000, 0.14499, 1391.3, 1536.3, 5.2654, 2, 2),
(505, 60, 1000, 0.15106, 1412.1, 1563.1, 5.3471, 2, 2),
(506, 70, 1000, 0.15695, 1432.2, 1589.1, 5.424, 2, 2),
(507, 80, 1000, 0.1627, 1451.9, 1614.6, 5.4971, 2, 2),
(508, 100, 1000, 0.17389, 1490.5, 1664.3, 5.6342, 2, 2),
(509, 120, 1000, 0.18477, 1528.6, 1713.4, 5.7622, 2, 2),
(510, 140, 1000, 0.19545, 1566.8, 1762.2, 5.8834, 2, 2),
(511, 160, 1000, 0.20597, 1605.2, 1811.2, 5.9992, 2, 2),
(512, 180, 1000, 0.21638, 1644.2, 1860.5, 6.1105, 2, 2),
(513, 200, 1000, 0.22669, 1683.7, 1910.4, 6.2182, 2, 2),
(514, 220, 1000, 0.23693, 1723.9, 1960.8, 6.3226, 2, 2),
(515, 240, 1000, 0.2471, 1764.8, 2011.9, 6.4241, 2, 2),
(516, 260, 1000, 0.2572, 1806.4, 2063.6, 6.5229, 2, 2),
(517, 280, 1000, 0.26726, 1848.8, 2116, 6.6194, 2, 2),
(518, 300, 1000, 0.27726, 1891.8, 2169.1, 6.7137, 2, 2),
(519, 40, 1200, 0.11287, 1360, 1495.4, 5.0564, 2, 2),
(520, 50, 1200, 0.11846, 1383, 1525.1, 5.1497, 2, 2),
(521, 60, 1200, 0.12378, 1404.8, 1553.3, 5.2357, 2, 2),
(522, 70, 1200, 0.1289, 1425.8, 1580.5, 5.3159, 2, 2),
(523, 80, 1200, 0.13387, 1446.2, 1606.8, 5.3916, 2, 2),
(524, 100, 1200, 0.14347, 1485.8, 1658, 5.5325, 2, 2),
(525, 120, 1200, 0.15275, 1524.7, 1708, 5.6631, 2, 2),
(526, 140, 1200, 0.16181, 1563.3, 1757.5, 5.786, 2, 2),
(527, 160, 1200, 0.17071, 1602.2, 1807.1, 5.9031, 2, 2),
(528, 180, 1200, 0.1795, 1641.5, 1856.9, 6.0156, 2, 2),
(529, 200, 1200, 0.18819, 1681.3, 1907.1, 6.1241, 2, 2),
(530, 220, 1200, 0.1968, 1721.8, 1957.9, 6.2292, 2, 2),
(531, 240, 1200, 0.20534, 1762.9, 2009.3, 6.3313, 2, 2),
(532, 260, 1200, 0.21382, 1804.7, 2061.3, 6.4308, 2, 2),
(533, 280, 1200, 0.22225, 1847.3, 2114, 6.5278, 2, 2),
(534, 300, 1200, 0.23063, 1890.6, 2167.3, 6.6225, 2, 2),
(535, 320, 1200, 0.23897, 1934.6, 2221.3, 6.7151, 2, 2),
(536, 40, 1400, 0.09432, 1349.5, 1481.6, 4.9463, 2, 2),
(537, 50, 1400, 0.09942, 1374.2, 1513.4, 5.0462, 2, 2),
(538, 60, 1400, 0.10423, 1397.2, 1543.1, 5.137, 2, 2),
(539, 70, 1400, 0.10882, 1419.2, 1571.5, 5.2209, 2, 2),
(540, 80, 1400, 0.11324, 1440.3, 1598.8, 5.2994, 2, 2),
(541, 100, 1400, 0.12172, 1481, 1651.4, 5.4443, 2, 2),
(542, 120, 1400, 0.12986, 1520.7, 1702.5, 5.5775, 2, 2),
(543, 140, 1400, 0.13777, 1559.9, 1752.8, 5.7023, 2, 2),
(544, 160, 1400, 0.14552, 1599.2, 1802.9, 5.8208, 2, 2),
(545, 180, 1400, 0.15315, 1638.8, 1853.2, 5.9343, 2, 2),
(546, 200, 1400, 0.16068, 1678.9, 1903.8, 6.0437, 2, 2),
(547, 220, 1400, 0.16813, 1719.6, 1955, 6.1495, 2, 2),
(548, 240, 1400, 0.17551, 1761, 2006.7, 6.2523, 2, 2),
(549, 260, 1400, 0.18283, 1803, 2059, 6.3523, 2, 2),
(550, 280, 1400, 0.1901, 1845.8, 2111.9, 6.4498, 2, 2),
(551, 300, 1400, 0.19732, 1889.3, 2165.5, 6.545, 2, 2),
(552, 320, 1400, 0.2045, 1933.5, 2219.8, 6.638, 2, 2),
(553, 50, 1600, 0.08506, 1364.9, 1501, 4.951, 2, 2),
(554, 60, 1600, 0.08951, 1389.3, 1532.5, 5.0472, 2, 2),
(555, 70, 1600, 0.09372, 1412.3, 1562.3, 5.1351, 2, 2),
(556, 80, 1600, 0.09774, 1434.3, 1590.6, 5.2167, 2, 2),
(557, 100, 1600, 0.10539, 1476.2, 1644.8, 5.3659, 2, 2),
(558, 120, 1600, 0.11268, 1516.6, 1696.9, 5.5018, 2, 2),
(559, 140, 1600, 0.11974, 1556.4, 1748, 5.6286, 2, 2),
(560, 160, 1600, 0.12662, 1596.1, 1798.7, 5.7485, 2, 2),
(561, 180, 1600, 0.13339, 1636.1, 1849.5, 5.8631, 2, 2),
(562, 200, 1600, 0.14005, 1676.5, 1900.5, 5.9734, 2, 2),
(563, 220, 1600, 0.14663, 1717.4, 1952, 6.08, 2, 2),
(564, 240, 1600, 0.15314, 1759, 2004.1, 6.1834, 2, 2),
(565, 260, 1600, 0.15959, 1801.3, 2056.7, 6.2839, 2, 2),
(566, 280, 1600, 0.16599, 1844.3, 2109.9, 6.3819, 2, 2),
(567, 300, 1600, 0.17234, 1888, 2163.7, 6.4775, 2, 2),
(568, 320, 1600, 0.17865, 1932.4, 2218.2, 6.571, 2, 2),
(569, 340, 1600, 0.18492, 1977.5, 2273.4, 6.6624, 2, 2),
(570, 360, 1600, 0.19115, 2023.3, 2329.1, 6.7519, 2, 2),
(571, 50, 2000, 0.06471, 1344.5, 1473.9, 4.7754, 2, 2),
(572, 60, 2000, 0.06875, 1372.3, 1509.8, 4.8848, 2, 2),
(573, 70, 2000, 0.07246, 1397.8, 1542.7, 4.9821, 2, 2),
(574, 80, 2000, 0.07595, 1421.6, 1573.5, 5.0707, 2, 2),
(575, 100, 2000, 0.08248, 1466.1, 1631.1, 5.2294, 2, 2),
(576, 120, 2000, 0.08861, 1508.3, 1685.5, 5.3714, 2, 2),
(577, 140, 2000, 0.09447, 1549.3, 1738.2, 5.5022, 2, 2),
(578, 160, 2000, 0.10016, 1589.9, 1790.2, 5.6251, 2, 2),
(579, 180, 2000, 0.10571, 1630.6, 1842, 5.742, 2, 2),
(580, 200, 2000, 0.11116, 1671.6, 1893.9, 5.854, 2, 2),
(581, 220, 2000, 0.11652, 1713.1, 1946.1, 5.9621, 2, 2),
(582, 240, 2000, 0.12182, 1755.2, 1998.8, 6.0668, 2, 2),
(583, 260, 2000, 0.12705, 1797.9, 2052, 6.1685, 2, 2),
(584, 280, 2000, 0.13224, 1841.3, 2105.8, 6.2675, 2, 2),
(585, 300, 2000, 0.13737, 1885.4, 2160.1, 6.3641, 2, 2),
(586, 320, 2000, 0.14246, 1930.2, 2215.1, 6.4583, 2, 2),
(587, 340, 2000, 0.14751, 1975.6, 2270.7, 6.5505, 2, 2),
(588, 360, 2000, 0.15253, 2021.8, 2326.8, 6.6406, 2, 2),
(589, 100, 5000, 0.02636, 1369.7, 1501.5, 4.5091, 2, 2),
(590, 120, 5000, 0.03024, 1435.1, 1586.3, 4.7306, 2, 2),
(591, 140, 5000, 0.0335, 1489.8, 1657.3, 4.9068, 2, 2),
(592, 160, 5000, 0.03643, 1539.5, 1721.7, 5.0591, 2, 2),
(593, 180, 5000, 0.03916, 1586.9, 1782.7, 5.1968, 2, 2),
(594, 200, 5000, 0.04174, 1633.1, 1841.8, 5.3245, 2, 2),
(595, 220, 5000, 0.04422, 1678.9, 1900, 5.445, 2, 2),
(596, 240, 5000, 0.04662, 1724.8, 1957.9, 5.56, 2, 2),
(597, 260, 5000, 0.04895, 1770.9, 2015.6, 5.6704, 2, 2),
(598, 280, 5000, 0.05123, 1817.4, 2073.6, 5.7771, 2, 2),
(599, 300, 5000, 0.05346, 1864.5, 2131.8, 5.8805, 2, 2),
(600, 320, 5000, 0.05565, 1912.1, 2190.3, 5.9809, 2, 2),
(601, 340, 5000, 0.05779, 1960.3, 2249.2, 6.0786, 2, 2),
(602, 360, 5000, 0.0599, 2009.1, 2308.6, 6.1738, 2, 2),
(603, 380, 5000, 0.06198, 2058.5, 2368.4, 6.2668, 2, 2),
(604, 400, 5000, 0.06403, 2108.4, 2428.6, 6.3576, 2, 2),
(605, 420, 5000, 0.06606, 2159, 2489.3, 6.4464, 2, 2),
(606, 440, 5000, 0.06806, 2210.1, 2550.4, 6.5334, 2, 2),
(607, 100, 10000, 0, 0, 0, 0, 2, 2),
(608, 120, 10000, 0, 0, 0, 0, 2, 2),
(609, 140, 10000, 0.01195, 1341.8, 1461.3, 4.1839, 2, 2),
(610, 160, 10000, 0.01461, 1432.2, 1578.3, 4.461, 2, 2),
(611, 180, 10000, 0.01666, 1500.6, 1667.2, 4.6617, 2, 2),
(612, 200, 10000, 0.01842, 1560.3, 1744.5, 4.8287, 2, 2),
(613, 220, 10000, 0.02001, 1615.8, 1816, 4.9767, 2, 2),
(614, 240, 10000, 0.0215, 1669.2, 1884.2, 5.1123, 2, 2),
(615, 260, 10000, 0.0229, 1721.6, 1950.6, 5.2392, 2, 2),
(616, 280, 10000, 0.02424, 1773.6, 2015.9, 5.3596, 2, 2),
(617, 300, 10000, 0.02552, 1825.5, 2080.7, 5.4746, 2, 2),
(618, 320, 10000, 0.02676, 1877.6, 2145.2, 5.5852, 2, 2),
(619, 340, 10000, 0.02796, 1930, 2209.6, 5.6921, 2, 2),
(620, 360, 10000, 0.02913, 1982.8, 2274.1, 5.7955, 2, 2),
(621, 380, 10000, 0.03026, 2036.1, 2338.7, 5.896, 2, 2),
(622, 400, 10000, 0.03137, 2089.8, 2403.5, 5.9937, 2, 2),
(623, 420, 10000, 0.03245, 2143.9, 2468.5, 6.0888, 2, 2),
(624, 440, 10000, 0.03351, 2198.5, 2533.7, 6.1815, 2, 2);

--
-- Indexes for dumped tables
--

--
-- Indexes for table `auth_group`
--
ALTER TABLE `auth_group`
  ADD PRIMARY KEY (`id`),
  ADD UNIQUE KEY `name` (`name`);

--
-- Indexes for table `auth_group_permissions`
--
ALTER TABLE `auth_group_permissions`
  ADD PRIMARY KEY (`id`),
  ADD UNIQUE KEY `auth_group_permissions_group_id_permission_id_0cd325b0_uniq` (`group_id`,`permission_id`),
  ADD KEY `auth_group_permissio_permission_id_84c5c92e_fk_auth_perm` (`permission_id`);

--
-- Indexes for table `auth_permission`
--
ALTER TABLE `auth_permission`
  ADD PRIMARY KEY (`id`),
  ADD UNIQUE KEY `auth_permission_content_type_id_codename_01ab375a_uniq` (`content_type_id`,`codename`);

--
-- Indexes for table `auth_user`
--
ALTER TABLE `auth_user`
  ADD PRIMARY KEY (`id`),
  ADD UNIQUE KEY `username` (`username`);

--
-- Indexes for table `auth_user_groups`
--
ALTER TABLE `auth_user_groups`
  ADD PRIMARY KEY (`id`),
  ADD UNIQUE KEY `auth_user_groups_user_id_group_id_94350c0c_uniq` (`user_id`,`group_id`),
  ADD KEY `auth_user_groups_group_id_97559544_fk_auth_group_id` (`group_id`);

--
-- Indexes for table `auth_user_user_permissions`
--
ALTER TABLE `auth_user_user_permissions`
  ADD PRIMARY KEY (`id`),
  ADD UNIQUE KEY `auth_user_user_permissions_user_id_permission_id_14a6b632_uniq` (`user_id`,`permission_id`),
  ADD KEY `auth_user_user_permi_permission_id_1fbb5f2c_fk_auth_perm` (`permission_id`);

--
-- Indexes for table `django_admin_log`
--
ALTER TABLE `django_admin_log`
  ADD PRIMARY KEY (`id`),
  ADD KEY `django_admin_log_content_type_id_c4bce8eb_fk_django_co` (`content_type_id`),
  ADD KEY `django_admin_log_user_id_c564eba6_fk_auth_user_id` (`user_id`);

--
-- Indexes for table `django_content_type`
--
ALTER TABLE `django_content_type`
  ADD PRIMARY KEY (`id`),
  ADD UNIQUE KEY `django_content_type_app_label_model_76bd3d3b_uniq` (`app_label`,`model`);

--
-- Indexes for table `django_migrations`
--
ALTER TABLE `django_migrations`
  ADD PRIMARY KEY (`id`);

--
-- Indexes for table `django_session`
--
ALTER TABLE `django_session`
  ADD PRIMARY KEY (`session_key`),
  ADD KEY `django_session_expire_date_a5c62663` (`expire_date`);

--
-- Indexes for table `tabels_material`
--
ALTER TABLE `tabels_material`
  ADD PRIMARY KEY (`id`);

--
-- Indexes for table `tabels_saturate`
--
ALTER TABLE `tabels_saturate`
  ADD PRIMARY KEY (`id`),
  ADD KEY `tabels_saturate_material_n_id_ed322d2f_fk_tabels_material_id` (`material_n_id`),
  ADD KEY `tabels_saturate_state_n_id_90483ccc_fk_tabels_state_id` (`state_n_id`);

--
-- Indexes for table `tabels_state`
--
ALTER TABLE `tabels_state`
  ADD PRIMARY KEY (`id`);

--
-- Indexes for table `tabels_sub_cold`
--
ALTER TABLE `tabels_sub_cold`
  ADD PRIMARY KEY (`id`),
  ADD KEY `tabels_sub_cold_material_n_id_4209c638_fk_tabels_material_id` (`material_n_id`),
  ADD KEY `tabels_sub_cold_state_n_id_32eca291_fk_tabels_state_id` (`state_n_id`);

--
-- Indexes for table `tabels_superheat`
--
ALTER TABLE `tabels_superheat`
  ADD PRIMARY KEY (`id`),
  ADD KEY `tabels_superheat_material_n_id_b47e6c55_fk_tabels_material_id` (`material_n_id`),
  ADD KEY `tabels_superheat_state_n_id_c5df5347_fk_tabels_state_id` (`state_n_id`);

--
-- AUTO_INCREMENT for dumped tables
--

--
-- AUTO_INCREMENT for table `auth_group`
--
ALTER TABLE `auth_group`
  MODIFY `id` int(11) NOT NULL AUTO_INCREMENT;

--
-- AUTO_INCREMENT for table `auth_group_permissions`
--
ALTER TABLE `auth_group_permissions`
  MODIFY `id` int(11) NOT NULL AUTO_INCREMENT;

--
-- AUTO_INCREMENT for table `auth_permission`
--
ALTER TABLE `auth_permission`
  MODIFY `id` int(11) NOT NULL AUTO_INCREMENT, AUTO_INCREMENT=45;

--
-- AUTO_INCREMENT for table `auth_user`
--
ALTER TABLE `auth_user`
  MODIFY `id` int(11) NOT NULL AUTO_INCREMENT;

--
-- AUTO_INCREMENT for table `auth_user_groups`
--
ALTER TABLE `auth_user_groups`
  MODIFY `id` int(11) NOT NULL AUTO_INCREMENT;

--
-- AUTO_INCREMENT for table `auth_user_user_permissions`
--
ALTER TABLE `auth_user_user_permissions`
  MODIFY `id` int(11) NOT NULL AUTO_INCREMENT;

--
-- AUTO_INCREMENT for table `django_admin_log`
--
ALTER TABLE `django_admin_log`
  MODIFY `id` int(11) NOT NULL AUTO_INCREMENT;

--
-- AUTO_INCREMENT for table `django_content_type`
--
ALTER TABLE `django_content_type`
  MODIFY `id` int(11) NOT NULL AUTO_INCREMENT, AUTO_INCREMENT=12;

--
-- AUTO_INCREMENT for table `django_migrations`
--
ALTER TABLE `django_migrations`
  MODIFY `id` int(11) NOT NULL AUTO_INCREMENT, AUTO_INCREMENT=23;

--
-- AUTO_INCREMENT for table `tabels_material`
--
ALTER TABLE `tabels_material`
  MODIFY `id` int(11) NOT NULL AUTO_INCREMENT, AUTO_INCREMENT=5;

--
-- AUTO_INCREMENT for table `tabels_saturate`
--
ALTER TABLE `tabels_saturate`
  MODIFY `id` int(11) NOT NULL AUTO_INCREMENT, AUTO_INCREMENT=115;

--
-- AUTO_INCREMENT for table `tabels_state`
--
ALTER TABLE `tabels_state`
  MODIFY `id` int(11) NOT NULL AUTO_INCREMENT, AUTO_INCREMENT=4;

--
-- AUTO_INCREMENT for table `tabels_sub_cold`
--
ALTER TABLE `tabels_sub_cold`
  MODIFY `id` int(11) NOT NULL AUTO_INCREMENT, AUTO_INCREMENT=127;

--
-- AUTO_INCREMENT for table `tabels_superheat`
--
ALTER TABLE `tabels_superheat`
  MODIFY `id` int(11) NOT NULL AUTO_INCREMENT, AUTO_INCREMENT=625;

--
-- Constraints for dumped tables
--

--
-- Constraints for table `auth_group_permissions`
--
ALTER TABLE `auth_group_permissions`
  ADD CONSTRAINT `auth_group_permissio_permission_id_84c5c92e_fk_auth_perm` FOREIGN KEY (`permission_id`) REFERENCES `auth_permission` (`id`),
  ADD CONSTRAINT `auth_group_permissions_group_id_b120cbf9_fk_auth_group_id` FOREIGN KEY (`group_id`) REFERENCES `auth_group` (`id`);

--
-- Constraints for table `auth_permission`
--
ALTER TABLE `auth_permission`
  ADD CONSTRAINT `auth_permission_content_type_id_2f476e4b_fk_django_co` FOREIGN KEY (`content_type_id`) REFERENCES `django_content_type` (`id`);

--
-- Constraints for table `auth_user_groups`
--
ALTER TABLE `auth_user_groups`
  ADD CONSTRAINT `auth_user_groups_group_id_97559544_fk_auth_group_id` FOREIGN KEY (`group_id`) REFERENCES `auth_group` (`id`),
  ADD CONSTRAINT `auth_user_groups_user_id_6a12ed8b_fk_auth_user_id` FOREIGN KEY (`user_id`) REFERENCES `auth_user` (`id`);

--
-- Constraints for table `auth_user_user_permissions`
--
ALTER TABLE `auth_user_user_permissions`
  ADD CONSTRAINT `auth_user_user_permi_permission_id_1fbb5f2c_fk_auth_perm` FOREIGN KEY (`permission_id`) REFERENCES `auth_permission` (`id`),
  ADD CONSTRAINT `auth_user_user_permissions_user_id_a95ead1b_fk_auth_user_id` FOREIGN KEY (`user_id`) REFERENCES `auth_user` (`id`);

--
-- Constraints for table `django_admin_log`
--
ALTER TABLE `django_admin_log`
  ADD CONSTRAINT `django_admin_log_content_type_id_c4bce8eb_fk_django_co` FOREIGN KEY (`content_type_id`) REFERENCES `django_content_type` (`id`),
  ADD CONSTRAINT `django_admin_log_user_id_c564eba6_fk_auth_user_id` FOREIGN KEY (`user_id`) REFERENCES `auth_user` (`id`);

--
-- Constraints for table `tabels_saturate`
--
ALTER TABLE `tabels_saturate`
  ADD CONSTRAINT `tabels_saturate_material_n_id_ed322d2f_fk_tabels_material_id` FOREIGN KEY (`material_n_id`) REFERENCES `tabels_material` (`id`),
  ADD CONSTRAINT `tabels_saturate_state_n_id_90483ccc_fk_tabels_state_id` FOREIGN KEY (`state_n_id`) REFERENCES `tabels_state` (`id`);

--
-- Constraints for table `tabels_sub_cold`
--
ALTER TABLE `tabels_sub_cold`
  ADD CONSTRAINT `tabels_sub_cold_material_n_id_4209c638_fk_tabels_material_id` FOREIGN KEY (`material_n_id`) REFERENCES `tabels_material` (`id`),
  ADD CONSTRAINT `tabels_sub_cold_state_n_id_32eca291_fk_tabels_state_id` FOREIGN KEY (`state_n_id`) REFERENCES `tabels_state` (`id`);

--
-- Constraints for table `tabels_superheat`
--
ALTER TABLE `tabels_superheat`
  ADD CONSTRAINT `tabels_superheat_material_n_id_b47e6c55_fk_tabels_material_id` FOREIGN KEY (`material_n_id`) REFERENCES `tabels_material` (`id`),
  ADD CONSTRAINT `tabels_superheat_state_n_id_c5df5347_fk_tabels_state_id` FOREIGN KEY (`state_n_id`) REFERENCES `tabels_state` (`id`);
COMMIT;

/*!40101 SET CHARACTER_SET_CLIENT=@OLD_CHARACTER_SET_CLIENT */;
/*!40101 SET CHARACTER_SET_RESULTS=@OLD_CHARACTER_SET_RESULTS */;
/*!40101 SET COLLATION_CONNECTION=@OLD_COLLATION_CONNECTION */;
